run_number,nTrackPass,nAssociatedCluster,efficiency,efficiency_error,efficiency_lerr,efficiency_uerr,residuals_mean,residuals_sigma,residuals_meanx,residuals_sigmax,residuals_meany,residuals_sigmay,clusterSize_mean,clusterCharge_mean,seedCharge_mean,residuals_mean_mimosa0,residuals_errmean_mimosa0,residuals_sigma_mimosa0,residuals_errsigma_mimosa0,residuals_mean_mimosa1,residuals_errmean_mimosa1,residuals_sigma_mimosa1,residuals_errsigma_mimosa1,residuals_mean_mimosa2,residuals_errmean_mimosa2,residuals_sigma_mimosa2,residuals_errsigma_mimosa2,residuals_mean_mimosa3,residuals_errmean_mimosa3,residuals_sigma_mimosa3,residuals_errsigma_mimosa3,residuals_mean_mimosa4,residuals_errmean_mimosa4,residuals_sigma_mimosa4,residuals_errsigma_mimosa4,residuals_mean_mimosa5,residuals_errmean_mimosa5,residuals_sigma_mimosa5,residuals_errsigma_mimosa5
1679,132727,132554,0.9986965726641904,0.00010291091583625178,0.0001068146915715884,9.900714010091516e-05,0.7556063302799314,12.395520068102254,0.10081604293427322,12.565270628179748,0.7488504869773268,12.22576950802476,1.3080426838309043,9.566087111994907,7.9198103909922635,0.0,0.0,0.0,0.0,0.0,0.0,0.0,0.0,0.0,0.0,0.0,0.0,0.0,0.0,0.0,0.0,0.0,0.0,0.0,0.0,0.0,0.0,0.0,0.0
1680,1330027,1328139,0.998580479945144,3.304446669516459e-05,3.3423974545088164e-05,3.266495884524101e-05,0.9384270523161273,12.394658463076018,-0.443975254217996,12.59517414957698,0.8267595213608376,12.194142776575056,1.3046750618830407,9.510549078418276,7.898997882283933,0.0,0.0,0.0,0.0,0.0,0.0,0.0,0.0,0.0,0.0,0.0,0.0,0.0,0.0,0.0,0.0,0.0,0.0,0.0,0.0,0.0,0.0,0.0,0.0
1681,1330739,1328751,0.998506093230904,3.3879007433956776e-05,3.425814570334751e-05,3.349986916456604e-05,1.168507849847365,12.35118765778724,-0.534354381968373,12.541881810940572,1.0391708183095358,12.160493504633909,1.3070681134604436,9.504654688840501,7.890382348329587,0.0,0.0,0.0,0.0,0.0,0.0,0.0,0.0,0.0,0.0,0.0,0.0,0.0,0.0,0.0,0.0,0.0,0.0,0.0,0.0,0.0,0.0,0.0,0.0
1682,1008892,669252,0.6633534610245695,0.0004712730855241376,0.0004714353087417189,0.0004711108623065563,1.3701844324196808,11.938379230217251,-0.7935088206009182,12.077805093616659,1.1170269157338075,11.798953366817841,1.0840064825025604,7.575737721896843,7.104772900345991,0.0,0.0,0.0,0.0,0.0,0.0,0.0,0.0,0.0,0.0,0.0,0.0,0.0,0.0,0.0,0.0,0.0,0.0,0.0,0.0,0.0,0.0,0.0,0.0
1684,998101,706350,0.7076939107364886,0.0004560476256716961,0.0004562561221561623,0.0004558391291872299,0.907597923149036,12.084117817000731,-0.13139670078236854,12.222229037898634,0.8980361335313586,11.946006596102826,1.090659100099698,7.482303329963051,6.981561082465342,0.0,0.0,0.0,0.0,0.0,0.0,0.0,0.0,0.0,0.0,0.0,0.0,0.0,0.0,0.0,0.0,0.0,0.0,0.0,0.0,0.0,0.0,0.0,0.0
1685,976163,756816,0.7752967485962897,0.00042323531210275434,0.00042351791458028476,0.0004229527096252239,0.848362011428226,12.258392033140051,0.19968924712023478,12.458187870026906,0.8245255041653347,12.058596196253198,1.1080915433724452,7.4225486414545445,6.857931321711021,0.0,0.0,0.0,0.0,0.0,0.0,0.0,0.0,0.0,0.0,0.0,0.0,0.0,0.0,0.0,0.0,0.0,0.0,0.0,0.0,0.0,0.0,0.0,0.0
1686,952289,838033,0.8800196158939145,0.000333717805344802,0.0003341178358337027,0.0003333177748559013,0.7618083040894821,12.450119321381756,-0.5556089971402335,12.663458308670485,0.521201049957228,12.236780334093028,1.1532551456405187,7.57105371134925,6.82913333465388,0.0,0.0,0.0,0.0,0.0,0.0,0.0,0.0,0.0,0.0,0.0,0.0,0.0,0.0,0.0,0.0,0.0,0.0,0.0,0.0,0.0,0.0,0.0,0.0
1687,944688,914938,0.9685081211998036,0.00018032784997262796,0.00018082567574939645,0.00017983002419585947,1.4782761945348437,12.432335314195013,-1.2060345133960892,12.67700475354619,0.8548574500031438,12.187665874843837,1.2526880101607878,8.370435771076053,7.186449962447261,0.0,0.0,0.0,0.0,0.0,0.0,0.0,0.0,0.0,0.0,0.0,0.0,0.0,0.0,0.0,0.0,0.0,0.0,0.0,0.0,0.0,0.0,0.0,0.0
1688,929794,926742,0.9967175524901215,5.98960924578229e-05,6.0435621165866316e-05,5.935656374977949e-05,1.2707217348699418,12.176952205455072,-0.46830759831034746,12.405188198334388,1.181279696276741,11.948716212575755,1.3394380447905687,9.497100006332241,7.793020759259175,0.0,0.0,0.0,0.0,0.0,0.0,0.0,0.0,0.0,0.0,0.0,0.0,0.0,0.0,0.0,0.0,0.0,0.0,0.0,0.0,0.0,0.0,0.0,0.0
1689,980658,979284,0.9985988999222971,3.830848595343106e-05,3.88242263377192e-05,3.7792745569142916e-05,1.5951114591203208,12.25301794265416,-0.6298290718890092,12.469186457229696,1.4655019301319219,12.036849428078623,1.3168985517522682,9.710980122177379,8.027365471492436,0.0,0.0,0.0,0.0,0.0,0.0,0.0,0.0,0.0,0.0,0.0,0.0,0.0,0.0,0.0,0.0,0.0,0.0,0.0,0.0,0.0,0.0,0.0,0.0
1690,876358,875223,0.9987048671889799,3.9016008530345925e-05,3.959402382547328e-05,3.843799323521857e-05,1.2261826261123498,12.327643717492208,-0.2585992188488441,12.544228359542027,1.1986034692885492,12.111059075442391,1.3101977736082304,9.632196197532346,8.009574145778153,0.0,0.0,0.0,0.0,0.0,0.0,0.0,0.0,0.0,0.0,0.0,0.0,0.0,0.0,0.0,0.0,0.0,0.0,0.0,0.0,0.0,0.0,0.0,0.0
1691,731567,730564,0.99862897041556,4.397597028471534e-05,4.466892762744479e-05,4.328301294198589e-05,1.027998046210452,12.281184026778128,-0.5256763216087776,12.481490092837667,0.883427635922927,12.080877960718587,1.294622854758481,9.404300501096928,7.839972588953966,0.0,0.0,0.0,0.0,0.0,0.0,0.0,0.0,0.0,0.0,0.0,0.0,0.0,0.0,0.0,0.0,0.0,0.0,0.0,0.0,0.0,0.0,0.0,0.0
1692,737864,736789,0.9985430919519044,4.511242740112831e-05,4.579898865242349e-05,4.4425866149833126e-05,0.8921316292879743,12.2130787097331,-0.36758917914197714,12.402289433396204,0.8128819344491197,12.023867986069995,1.2952991804398801,9.334429486918783,7.773890932994915,0.0,0.0,0.0,0.0,0.0,0.0,0.0,0.0,0.0,0.0,0.0,0.0,0.0,0.0,0.0,0.0,0.0,0.0,0.0,0.0,0.0,0.0,0.0,0.0
1693,837387,835813,0.9981203434015574,4.796332974510431e-05,4.856620318438587e-05,4.736045630582275e-05,0.8596912623115207,12.29916078209262,-0.369905274887899,12.49456234018708,0.7760406910110345,12.10375922399816,1.3126917853561393,10.362868111630439,8.644342524941553,0.0,0.0,0.0,0.0,0.0,0.0,0.0,0.0,0.0,0.0,0.0,0.0,0.0,0.0,0.0,0.0,0.0,0.0,0.0,0.0,0.0,0.0,0.0,0.0
1694,984012,980274,0.9962012658382214,6.256369861717959e-05,6.307252962423071e-05,6.205486761012846e-05,0.8366968265734329,12.490865136699718,-0.4505751866881241,12.690273674389767,0.7050131777059315,12.29145659900967,1.2744024487045997,10.228872066950757,8.674662509664179,0.0,0.0,0.0,0.0,0.0,0.0,0.0,0.0,0.0,0.0,0.0,0.0,0.0,0.0,0.0,0.0,0.0,0.0,0.0,0.0,0.0,0.0,0.0,0.0
1695,941746,932863,0.9905675203292608,0.000100202308422781,0.00010072644596736957,9.967817087819242e-05,0.7264394371047248,12.69113151545369,-0.5975797949779735,12.88721948216703,0.4130528348953829,12.495043548740354,1.2252018793372974,10.327420576847214,8.9376537364276,0.0,0.0,0.0,0.0,0.0,0.0,0.0,0.0,0.0,0.0,0.0,0.0,0.0,0.0,0.0,0.0,0.0,0.0,0.0,0.0,0.0,0.0,0.0,0.0
1696,983884,970276,0.9861691012355115,0.00011832572408704278,0.00011882241395411164,0.00011782903421997393,0.678631849191598,12.749737145480317,-0.2968836376094525,12.946475670084903,0.6102469110589476,12.55299862087573,1.2051579697609043,10.255730691200341,8.949123249345012,0.0,0.0,0.0,0.0,0.0,0.0,0.0,0.0,0.0,0.0,0.0,0.0,0.0,0.0,0.0,0.0,0.0,0.0,0.0,0.0,0.0,0.0,0.0,0.0
1697,348495,348032,0.9986714300061694,6.318817124784104e-05,6.465365549324087e-05,6.172268700244121e-05,0.5062690472585565,12.310660511559266,-0.007983543451304559,12.511247567062068,0.5062060956231638,12.110073456056464,1.338112420080675,0.0015602997838791374,0.0015602997838791374,0.0,0.0,0.0,0.0,0.0,0.0,0.0,0.0,0.0,0.0,0.0,0.0,0.0,0.0,0.0,0.0,0.0,0.0,0.0,0.0,0.0,0.0,0.0,0.0
1698,2177334,2167146,0.9953208832452899,4.6508538734113536e-05,4.673735360671838e-05,4.627972386150869e-05,0.6647863182948173,12.412722683383,0.6183723574518092,12.550413965154144,0.24404195649820148,12.275031401611857,1.336209457496497,0.001745441232412911,0.001745441232412911,0.0,0.0,0.0,0.0,0.0,0.0,0.0,0.0,0.0,0.0,0.0,0.0,0.0,0.0,0.0,0.0,0.0,0.0,0.0,0.0,0.0,0.0,0.0,0.0
1699,1329641,1325209,0.9966667694513031,5.0394124103625426e-05,5.077079133031237e-05,5.001745687693848e-05,0.3136841110196111,12.670255089833658,0.09601702709308105,12.89153308016393,0.2986276142863721,12.448977099503386,1.2613120560498001,6.5030349044882065,5.460699165487344,0.0,0.0,0.0,0.0,0.0,0.0,0.0,0.0,0.0,0.0,0.0,0.0,0.0,0.0,0.0,0.0,0.0,0.0,0.0,0.0,0.0,0.0,0.0,0.0
1702,1262459,1259405,0.9975809115385134,4.414640380878687e-05,4.454445175072763e-05,4.374835586684611e-05,0.36763616484486566,12.73248370481097,0.027392228926610876,12.959840037639433,0.36661425981032625,12.505127371982509,1.2611109173846493,6.800789797730624,5.72825600362692,0.0,0.0,0.0,0.0,0.0,0.0,0.0,0.0,0.0,0.0,0.0,0.0,0.0,0.0,0.0,0.0,0.0,0.0,0.0,0.0,0.0,0.0,0.0,0.0
1703,1329692,1326791,0.9978182917547823,4.086524807833669e-05,4.124343788869389e-05,4.048705826797949e-05,0.4712646694832906,12.755392368935585,0.24582258461781548,12.983757920082589,0.40207169210852445,12.52702681778858,1.2617714200798456,6.853899803058795,5.770814671843959,0.0,0.0,0.0,0.0,0.0,0.0,0.0,0.0,0.0,0.0,0.0,0.0,0.0,0.0,0.0,0.0,0.0,0.0,0.0,0.0,0.0,0.0,0.0,0.0
1704,1134260,1126004,0.9927212455697988,8.030804796782531e-05,8.074521989021033e-05,7.98708760454403e-05,0.6246376449746168,12.902704312105968,0.6037842583135127,13.132713274854865,0.16005235684686678,12.672695349357072,1.2370471011862605,5.265785176656387,4.487196492313777,0.0,0.0,0.0,0.0,0.0,0.0,0.0,0.0,0.0,0.0,0.0,0.0,0.0,0.0,0.0,0.0,0.0,0.0,0.0,0.0,0.0,0.0,0.0,0.0
1705,14834,1020,0.06876095456383982,0.002112753175074797,0.002083186279881133,0.002142320070268461,1.800960445342418,12.092458765740501,-0.6401539693148074,11.19641986596581,1.6833482768751264,12.988497665515192,1.250243874447696,10.906524358753659,9.504045446720607,0.0,0.0,0.0,0.0,0.0,0.0,0.0,0.0,0.0,0.0,0.0,0.0,0.0,0.0,0.0,0.0,0.0,0.0,0.0,0.0,0.0,0.0,0.0,0.0
1707,161621,160370,0.9922596692261525,0.00022124056936351222,0.00022433221464213116,0.00021814892408489328,0.9941903872056095,12.089148998686035,-0.9327740723165746,12.279137214208562,0.3440160694298936,11.89916078316351,1.3535506526953522,11.532724599567805,9.53469803937288,0.0,0.0,0.0,0.0,0.0,0.0,0.0,0.0,0.0,0.0,0.0,0.0,0.0,0.0,0.0,0.0,0.0,0.0,0.0,0.0,0.0,0.0,0.0,0.0
1710,162432,161337,0.9932587174940898,0.00020625604381224738,0.0002093414470213384,0.00020317064060315637,0.4993939048685278,12.173429545030881,0.13764117225418981,12.39441467843945,0.4800512263501976,11.952444411622313,1.36147556373231,11.674398521058844,9.6186806456865,0.0,0.0,0.0,0.0,0.0,0.0,0.0,0.0,0.0,0.0,0.0,0.0,0.0,0.0,0.0,0.0,0.0,0.0,0.0,0.0,0.0,0.0,0.0,0.0
1711,162644,161992,0.9959912446816359,0.00015987403761913432,0.0001629861218735984,0.00015676195336467025,0.9859781093323825,12.117139339202053,-0.2954950917115316,12.329932293272666,0.9406569421723592,11.90434638513144,1.3803337646662936,11.91659032533262,9.732927052361132,0.0,0.0,0.0,0.0,0.0,0.0,0.0,0.0,0.0,0.0,0.0,0.0,0.0,0.0,0.0,0.0,0.0,0.0,0.0,0.0,0.0,0.0,0.0,0.0
1712,13688,13624,0.9953243717124488,0.0006207098558799196,0.000659199535345989,0.0005822201764138502,0.7870014556829167,11.862448562396,0.3624947761473449,12.004382368533664,0.6985476565796469,11.720514756258336,1.3826119126896042,11.903428289554816,9.709055781641798,0.0,0.0,0.0,0.0,0.0,0.0,0.0,0.0,0.0,0.0,0.0,0.0,0.0,0.0,0.0,0.0,0.0,0.0,0.0,0.0,0.0,0.0,0.0,0.0
1717,162285,159908,0.9853529284900021,0.0003014982793552723,0.00030452250768420175,0.00029847405102634283,1.0104391199669516,12.27736079753888,0.5288425865363997,12.467789837338403,0.8609951996527496,12.086931757739357,1.320429803508452,10.992392651420396,9.219867874255215,0.0,0.0,0.0,0.0,0.0,0.0,0.0,0.0,0.0,0.0,0.0,0.0,0.0,0.0,0.0,0.0,0.0,0.0,0.0,0.0,0.0,0.0,0.0,0.0
1718,162540,158457,0.9748800295311923,0.0003914862717743772,0.00039443355961754634,0.0003885389839312081,0.504346576884584,12.403231760325195,-0.28385270913887983,12.613778113281526,0.41688500708194826,12.192685407368865,1.2822064710098062,10.540038863349007,8.98941855011158,0.0,0.0,0.0,0.0,0.0,0.0,0.0,0.0,0.0,0.0,0.0,0.0,0.0,0.0,0.0,0.0,0.0,0.0,0.0,0.0,0.0,0.0,0.0,0.0
1719,161083,159853,0.9923641849233004,0.00022014630261257828,0.00022324929943851046,0.0002170433057866461,0.9431053100306204,12.20805928636762,-0.47915437558924734,12.407349255583414,0.8123168779248842,12.008769317151826,1.3537540641742367,11.576945609972979,9.569427920975848,0.0,0.0,0.0,0.0,0.0,0.0,0.0,0.0,0.0,0.0,0.0,0.0,0.0,0.0,0.0,0.0,0.0,0.0,0.0,0.0,0.0,0.0,0.0,0.0
1720,160472,152476,0.9501719926217658,0.0005466406351480879,0.0005494644320116482,0.0005438168382845276,1.0550777805877571,12.519175350200166,-0.17215614482362193,12.722177546075256,1.0409377430420397,12.316173154325076,1.2272582858813712,9.974092040877002,8.703762245175124,0.0,0.0,0.0,0.0,0.0,0.0,0.0,0.0,0.0,0.0,0.0,0.0,0.0,0.0,0.0,0.0,0.0,0.0,0.0,0.0,0.0,0.0,0.0,0.0
1721,160560,158993,0.990240408570005,0.00024862295118388555,0.000251717675821439,0.0002455282265463321,1.3623271440510616,12.324080370617473,0.8428597449701797,12.512882485074742,1.0702909406918877,12.135278256160202,1.3170314843629534,8.66161949619412,7.206160898271584,0.0,0.0,0.0,0.0,0.0,0.0,0.0,0.0,0.0,0.0,0.0,0.0,0.0,0.0,0.0,0.0,0.0,0.0,0.0,0.0,0.0,0.0,0.0,0.0
1722,161481,158335,0.9805178318192234,0.00034726696399700607,0.0003502720111259183,0.0003442619168680938,1.3856806172583864,12.466173711893688,0.9704202848615716,12.637815095028772,0.989138637287397,12.294532328758606,1.2462460549633205,6.22243380106039,5.302482680241982,0.0,0.0,0.0,0.0,0.0,0.0,0.0,0.0,0.0,0.0,0.0,0.0,0.0,0.0,0.0,0.0,0.0,0.0,0.0,0.0,0.0,0.0,0.0,0.0
1726,157435,157096,0.9978467303966716,0.00012010261138978295,0.00012335368050753193,0.00011685154227203398,1.5086779704803248,11.8732874260896,-0.6848743514312182,12.059372748041193,1.344267957426755,11.687202104138008,1.4119762939290754,14.467526627673982,11.73015047359449,0.0,0.0,0.0,0.0,0.0,0.0,0.0,0.0,0.0,0.0,0.0,0.0,0.0,0.0,0.0,0.0,0.0,0.0,0.0,0.0,0.0,0.0,0.0,0.0
1727,161178,160945,0.9985543932794798,9.783264664803282e-05,0.00010103009178130673,9.46352015147589e-05,2.6658028668246336,11.934584135024147,-2.1897387800868438,12.142977670303853,1.5203779134656674,11.726190599744442,1.4468992014512714,18.556378812107468,14.976864672524659,0.0,0.0,0.0,0.0,0.0,0.0,0.0,0.0,0.0,0.0,0.0,0.0,0.0,0.0,0.0,0.0,0.0,0.0,0.0,0.0,0.0,0.0,0.0,0.0
1728,161701,161575,0.9992207840396782,7.257317761522053e-05,7.580104706050861e-05,6.934530816993245e-05,2.2957259663653944,11.873912103722985,-2.0071787555267275,12.093744648656536,1.114267093656858,11.654079558789434,1.46924173554814,22.598197746211152,18.258402774220105,0.0,0.0,0.0,0.0,0.0,0.0,0.0,0.0,0.0,0.0,0.0,0.0,0.0,0.0,0.0,0.0,0.0,0.0,0.0,0.0,0.0,0.0,0.0,0.0
1729,161471,161411,0.9996284162481188,5.1155760192544975e-05,5.445300370943151e-05,4.7858516675658436e-05,2.6262898865365583,11.89401762346959,-2.2623156742659862,12.106747951007279,1.33391392454485,11.6812872959319,1.4899024453939347,27.578507815504775,22.34698258149149,0.0,0.0,0.0,0.0,0.0,0.0,0.0,0.0,0.0,0.0,0.0,0.0,0.0,0.0,0.0,0.0,0.0,0.0,0.0,0.0,0.0,0.0,0.0,0.0
1730,159506,157670,0.9884894612114905,0.00027039939790535206,0.0002735005116428768,0.0002672982841678273,2.2385824008151647,12.170476159982066,1.6573633315561775,12.396104060127142,1.5047916641357346,11.944848259836991,1.33422134020337,11.104126209615018,9.254823257380586,0.0,0.0,0.0,0.0,0.0,0.0,0.0,0.0,0.0,0.0,0.0,0.0,0.0,0.0,0.0,0.0,0.0,0.0,0.0,0.0,0.0,0.0,0.0,0.0
1731,155205,154233,0.9937373151638156,0.00020361197212981352,0.0002068471322309584,0.00020037681202866864,0.8049855671344959,12.06583843424008,-0.3776378347108654,12.243870954192928,0.7109088753769607,11.887805914287231,1.2808166854411094,7.085703123196797,5.858164734149125,0.0,0.0,0.0,0.0,0.0,0.0,0.0,0.0,0.0,0.0,0.0,0.0,0.0,0.0,0.0,0.0,0.0,0.0,0.0,0.0,0.0,0.0,0.0,0.0
1732,156643,154939,0.9891217609468664,0.0002654606733016873,0.00026862393747972835,0.0002622974091236463,1.849796968199982,12.385606724400628,1.7474843542945357,12.635710503819553,0.6066689831017028,12.135502944981702,1.178354368454138,1.991534963462976,1.7237672278158842,0.0,0.0,0.0,0.0,0.0,0.0,0.0,0.0,0.0,0.0,0.0,0.0,0.0,0.0,0.0,0.0,0.0,0.0,0.0,0.0,0.0,0.0,0.0,0.0
1733,159001,157452,0.9902579229061452,0.000249635003873927,0.00025276041055710685,0.00024650959719074717,2.044335823479316,12.478412510007875,1.5409406020856058,12.696775727585912,1.3434325513418617,12.260049292429837,1.393897968564096,1.6743457244117026,1.3249483645078757,0.0,0.0,0.0,0.0,0.0,0.0,0.0,0.0,0.0,0.0,0.0,0.0,0.0,0.0,0.0,0.0,0.0,0.0,0.0,0.0,0.0,0.0,0.0,0.0
1734,159241,157830,0.9911392166590263,0.00023814547088940596,0.00024127364294057596,0.00023501729883823597,4.375587667237376,12.55207832457198,3.867264975868459,12.745985970711113,2.0469560425424262,12.358170678432845,1.5702843223980494,1.6988142690261832,1.2292260835136435,0.0,0.0,0.0,0.0,0.0,0.0,0.0,0.0,0.0,0.0,0.0,0.0,0.0,0.0,0.0,0.0,0.0,0.0,0.0,0.0,0.0,0.0,0.0,0.0
1736,158580,157288,0.9918526926472443,0.00022905026678365914,0.00023219789692374704,0.00022590263664357124,1.7421615084841262,12.367400167931148,-1.6916983376280912,12.605721578400884,0.41627329497583593,12.129078757461413,1.2747912625855178,0.0,0.0,0.0,0.0,0.0,0.0,0.0,0.0,0.0,0.0,0.0,0.0,0.0,0.0,0.0,0.0,0.0,0.0,0.0,0.0,0.0,0.0,0.0,0.0,0.0,0.0
1737,158476,157128,0.9914939801610338,0.00023400506305737423,0.00023715155816228517,0.0002308585679524633,0.9112944033314714,12.3374151945853,0.8938716958402919,12.55012502947306,-0.17734396217199805,12.124705359697543,1.2758069597200006,0.0,0.0,0.0,0.0,0.0,0.0,0.0,0.0,0.0,0.0,0.0,0.0,0.0,0.0,0.0,0.0,0.0,0.0,0.0,0.0,0.0,0.0,0.0,0.0,0.0,0.0
1739,1164191,1159921,0.9963322169643984,5.6492779936134774e-05,5.692274854629531e-05,5.606281132597424e-05,0.2930006975527206,12.72358042877156,0.278763661583544,12.9374955821455,-0.09022322177198194,12.509665275397621,1.2831434754873585,5.523160807320188,4.616936876686697,0.0,0.0,0.0,0.0,0.0,0.0,0.0,0.0,0.0,0.0,0.0,0.0,0.0,0.0,0.0,0.0,0.0,0.0,0.0,0.0,0.0,0.0,0.0,0.0
1740,1006182,1005054,0.9988789304519461,3.388142544086259e-05,3.4385059506480964e-05,3.3377791375244215e-05,1.0102408702180008,12.511564927177862,-0.988975695016418,12.763417471031337,-0.20618848300915513,12.259712383324388,1.351473962038293,7.882412868951897,6.4088401479210875,0.0,0.0,0.0,0.0,0.0,0.0,0.0,0.0,0.0,0.0,0.0,0.0,0.0,0.0,0.0,0.0,0.0,0.0,0.0,0.0,0.0,0.0,0.0,0.0
1742,1144360,1143391,0.9991532384913838,2.7647078429338112e-05,2.8090656736479147e-05,2.7203500122197077e-05,0.37719634390007917,12.53734571172137,-0.09870572034982898,12.782109647739208,0.36405255475248094,12.292581775703532,1.4049631547713592,9.754996208152434,7.880792523738426,0.0,0.0,0.0,0.0,0.0,0.0,0.0,0.0,0.0,0.0,0.0,0.0,0.0,0.0,0.0,0.0,0.0,0.0,0.0,0.0,0.0,0.0,0.0,0.0
1743,1215692,1214757,0.9992308907190308,2.5572541193452647e-05,2.5990275956844222e-05,2.5154806430061072e-05,1.3838428133861715,12.5219519679287,-1.3831614635146987,12.767823448271288,0.04342001852177513,12.27608048758611,1.490255667612939,11.393321114542461,9.147121105823478,0.0,0.0,0.0,0.0,0.0,0.0,0.0,0.0,0.0,0.0,0.0,0.0,0.0,0.0,0.0,0.0,0.0,0.0,0.0,0.0,0.0,0.0,0.0,0.0
1745,1061005,1059527,0.9986069811169599,3.670555485069116e-05,3.718201960667411e-05,3.6229090094708205e-05,0.4146955805297979,12.697789929988684,0.25701425026091507,12.921462610981145,0.3254475375137532,12.474117248996224,1.3543995293379756,12.103554180882728,9.934020341218082,0.0,0.0,0.0,0.0,0.0,0.0,0.0,0.0,0.0,0.0,0.0,0.0,0.0,0.0,0.0,0.0,0.0,0.0,0.0,0.0,0.0,0.0,0.0,0.0
1748,1011478,1010329,0.998864038565347,3.401143799985906e-05,3.451235258333796e-05,3.351052341638017e-05,0.8392927155984018,12.753937976219326,-0.8383923928714766,12.996206020934123,-0.038864611560896656,12.511669931504532,1.3812778635515097,15.460184406978415,12.669086909109716,0.0,0.0,0.0,0.0,0.0,0.0,0.0,0.0,0.0,0.0,0.0,0.0,0.0,0.0,0.0,0.0,0.0,0.0,0.0,0.0,0.0,0.0,0.0,0.0
1749,961639,960696,0.9990193825333623,3.246086581126795e-05,3.298870179757607e-05,3.1933029824959824e-05,1.7531233763089018,12.74406095968329,-1.7099231295745747,12.99616927088468,0.38678736213404824,12.4919526484819,1.4063505627976394,18.60351957303922,15.218046612876147,0.0,0.0,0.0,0.0,0.0,0.0,0.0,0.0,0.0,0.0,0.0,0.0,0.0,0.0,0.0,0.0,0.0,0.0,0.0,0.0,0.0,0.0,0.0,0.0
1751,949507,948665,0.9991132240204653,3.1095960846605486e-05,3.1631141364729665e-05,3.056078032848131e-05,1.3654313790925208,12.781271627816286,-1.3584573678112069,13.029289154448353,0.1378275402448682,12.53325410118422,1.4224239191976857,21.812368572167085,17.873995742801238,0.0,0.0,0.0,0.0,0.0,0.0,0.0,0.0,0.0,0.0,0.0,0.0,0.0,0.0,0.0,0.0,0.0,0.0,0.0,0.0,0.0,0.0,0.0,0.0
1757,510344,510165,0.9996492561879831,2.7219934235878096e-05,2.8236497215505807e-05,2.6203371256250385e-05,1.0635992674974744,12.285648958618943,0.56716760578966,12.576355074049841,0.8997579167553841,11.994942843188042,1.3102636382390345,13.252886676815972,11.29814805626859,0.0,0.0,0.0,0.0,0.0,0.0,0.0,0.0,0.0,0.0,0.0,0.0,0.0,0.0,0.0,0.0,0.0,0.0,0.0,0.0,0.0,0.0,0.0,0.0
1758,522394,522193,0.9996152329467797,2.811990494644423e-05,2.9110931653364425e-05,2.7128878239524035e-05,0.2750718962121128,12.271989571859873,0.11543112844953379,12.551795698851478,0.24968020079813014,11.992183444868266,1.3133657937180743,13.241964305767052,11.275210496951336,0.0,0.0,0.0,0.0,0.0,0.0,0.0,0.0,0.0,0.0,0.0,0.0,0.0,0.0,0.0,0.0,0.0,0.0,0.0,0.0,0.0,0.0,0.0,0.0
1762,157838,157831,0.9999556507304959,2.0131599264450184e-05,2.390025063458978e-05,1.6362947894310587e-05,0.3876426733618862,11.424208045009294,-0.13158650661314977,11.713808234640275,0.3646256072857438,11.134607855378311,1.4813679787215,16.413216356623103,12.997081548952641,0.0,0.0,0.0,0.0,0.0,0.0,0.0,0.0,0.0,0.0,0.0,0.0,0.0,0.0,0.0,0.0,0.0,0.0,0.0,0.0,0.0,0.0,0.0,0.0
1770,19107,19104,0.9998429894802952,0.00011913797999457687,0.00015279242013488403,8.548353985426971e-05,0.40018063727052805,11.244707947317416,0.2967303835139264,11.479607546481551,0.26850627915548664,11.00980834815328,1.4763558799946752,16.085103353053537,12.77841860695501,0.0,0.0,0.0,0.0,0.0,0.0,0.0,0.0,0.0,0.0,0.0,0.0,0.0,0.0,0.0,0.0,0.0,0.0,0.0,0.0,0.0,0.0,0.0,0.0
1771,10073,10070,0.9997021741288593,0.00022596608780239835,0.00028978448595173845,0.00016214768965305826,0.4265212928073591,11.274786195660425,-0.4204709644835995,11.461926717005596,-0.07158618053990992,11.087645674315254,1.485951439078433,16.1386062806696,12.760408811962739,0.0,0.0,0.0,0.0,0.0,0.0,0.0,0.0,0.0,0.0,0.0,0.0,0.0,0.0,0.0,0.0,0.0,0.0,0.0,0.0,0.0,0.0,0.0,0.0
1774,11993,11991,0.999833236054365,0.00016389111942166634,0.00022003179476204338,0.00010775044408128931,0.4142692412655216,11.228548533940879,-0.24036561452428823,11.548223979047435,0.33740683990262,10.908873088834323,1.4816359692104095,16.08156812490054,12.741839837173655,0.0,0.0,0.0,0.0,0.0,0.0,0.0,0.0,0.0,0.0,0.0,0.0,0.0,0.0,0.0,0.0,0.0,0.0,0.0,0.0,0.0,0.0,0.0,0.0
1780,45960,45928,0.9993037423846823,0.00013431268476266078,0.00014614935818235697,0.0001224760113429646,0.6861093918927981,12.103375737826859,0.642846639376975,12.508415763388745,0.23977968196916677,11.698335712264974,1.2731456285186236,13.405888564339826,11.574655698080347,0.0,0.0,0.0,0.0,0.0,0.0,0.0,0.0,0.0,0.0,0.0,0.0,0.0,0.0,0.0,0.0,0.0,0.0,0.0,0.0,0.0,0.0,0.0,0.0
1781,183240,183087,0.9991650294695481,7.028357385030493e-05,7.31204354854631e-05,6.744671221514675e-05,0.64460602529349,12.028562638795139,0.5831575268919239,12.323392170179888,0.2746711245725814,11.733733107410389,1.2796551852963258,13.163309447455287,11.330289149279507,0.0,0.0,0.0,0.0,0.0,0.0,0.0,0.0,0.0,0.0,0.0,0.0,0.0,0.0,0.0,0.0,0.0,0.0,0.0,0.0,0.0,0.0,0.0,0.0
1784,484583,4648,0.00959175208375036,0.00014113815040568776,0.00014011779843690723,0.00014215850237446828,1.1199884560742563,63.03609775316969,0.9088397351930956,63.05052110348514,0.65451086887365,63.021674402854245,1.2768112392780933,13.109869787765518,11.309319032157342,0.0,0.0,0.0,0.0,0.0,0.0,0.0,0.0,0.0,0.0,0.0,0.0,0.0,0.0,0.0,0.0,0.0,0.0,0.0,0.0,0.0,0.0,0.0,0.0
1790,158371,158345,0.999835828529213,3.5473741470060105e-05,3.89430277306646e-05,3.200445520945561e-05,0.528698242917257,11.426727835355825,0.27088722339722715,11.7088203519866,-0.45402857207882374,11.14463531872505,1.48522933618665,16.06232440901619,12.709232563498386,0.0,0.0,0.0,0.0,0.0,0.0,0.0,0.0,0.0,0.0,0.0,0.0,0.0,0.0,0.0,0.0,0.0,0.0,0.0,0.0,0.0,0.0,0.0,0.0
1794,158526,158399,0.9991988695860616,7.430622106574525e-05,7.759804015849969e-05,7.10144019729908e-05,0.3788587665842164,11.528969752571651,-0.3654215367469427,11.791756474001245,0.10000532735417944,11.266183031142056,1.469789853176762,15.102573577324675,12.05821600784116,0.0,0.0,0.0,0.0,0.0,0.0,0.0,0.0,0.0,0.0,0.0,0.0,0.0,0.0,0.0,0.0,0.0,0.0,0.0,0.0,0.0,0.0,0.0,0.0
1795,41549,41539,0.9997593203205853,8.879697433433753e-05,0.00010274013989541864,7.485380877325643e-05,0.4331424307461672,11.535336198199012,0.4224861385978778,11.881247859919934,-0.09548731855776997,11.18942453647809,1.4847813833344183,15.695189013095993,12.434746764467432,0.0,0.0,0.0,0.0,0.0,0.0,0.0,0.0,0.0,0.0,0.0,0.0,0.0,0.0,0.0,0.0,0.0,0.0,0.0,0.0,0.0,0.0,0.0,0.0
1796,34279,34265,0.999591586685726,0.000124420169019146,0.00014095939450742279,0.00010788094353086919,0.5359340551548873,11.469647711918093,-0.43365276975881745,11.719742164753137,-0.31491361792604,11.219553259083046,1.485518355505003,15.674705114544885,12.419901003007674,0.0,0.0,0.0,0.0,0.0,0.0,0.0,0.0,0.0,0.0,0.0,0.0,0.0,0.0,0.0,0.0,0.0,0.0,0.0,0.0,0.0,0.0,0.0,0.0
1797,30846,30838,0.9997406470855216,0.0001088683427283299,0.00012794866867316124,8.978801678349857e-05,0.35792928186571066,11.492172062264027,-0.25128080754524446,11.775883432238947,-0.2548947362663913,11.208460692289107,1.4862609471933736,15.676001671340043,12.413472074693463,0.0,0.0,0.0,0.0,0.0,0.0,0.0,0.0,0.0,0.0,0.0,0.0,0.0,0.0,0.0,0.0,0.0,0.0,0.0,0.0,0.0,0.0,0.0,0.0
1798,49472,49457,0.9996967981888745,8.885647473777514e-05,0.00010027315824556737,7.74397912299829e-05,0.44362087466586164,11.486823243706823,0.2617241064522416,11.78656700302149,0.35818985544132853,11.187079484392157,1.4850712389290854,15.66543138566304,12.415102044952473,0.0,0.0,0.0,0.0,0.0,0.0,0.0,0.0,0.0,0.0,0.0,0.0,0.0,0.0,0.0,0.0,0.0,0.0,0.0,0.0,0.0,0.0,0.0,0.0
1799,31590,31579,0.9996517885406774,0.00012163745451670982,0.00013985663764792822,0.00010341827138549142,0.6288026036334721,11.43928473847065,0.5205440224201552,11.770839935979625,0.3527415981407331,11.107729540961676,1.4832469009034106,15.648257800783236,12.410674432088728,0.0,0.0,0.0,0.0,0.0,0.0,0.0,0.0,0.0,0.0,0.0,0.0,0.0,0.0,0.0,0.0,0.0,0.0,0.0,0.0,0.0,0.0,0.0,0.0
1800,28038,28029,0.9996790070618446,0.00012583641801300338,0.00014664653758877932,0.00010502629843722744,0.27714169724814086,11.6651812439128,-0.08549855397894815,12.008137129925814,0.263623818387279,11.322225357899786,1.4860881053254977,15.679041501526127,12.415853491868251,0.0,0.0,0.0,0.0,0.0,0.0,0.0,0.0,0.0,0.0,0.0,0.0,0.0,0.0,0.0,0.0,0.0,0.0,0.0,0.0,0.0,0.0,0.0,0.0
1801,157751,157283,0.9970332993134751,0.00014021337609193552,0.00014343986885612114,0.0001369868833277499,0.35188227150423546,11.81114283236219,-0.2569324979169957,12.093997632370987,-0.2404304983006804,11.528288032353393,1.4247329395582378,14.260218969930817,11.569089163353931,0.0,0.0,0.0,0.0,0.0,0.0,0.0,0.0,0.0,0.0,0.0,0.0,0.0,0.0,0.0,0.0,0.0,0.0,0.0,0.0,0.0,0.0,0.0,0.0
1802,162760,162721,0.9997603833865815,4.154262222993976e-05,4.486243040213722e-05,3.8222814057742305e-05,1.812804705871355,11.888469169664795,1.7057307685025909,12.23652178165803,-0.6137943035031289,11.54041655767156,1.4517639094692445,12.744129740775545,10.099229478133116,0.0,0.0,0.0,0.0,0.0,0.0,0.0,0.0,0.0,0.0,0.0,0.0,0.0,0.0,0.0,0.0,0.0,0.0,0.0,0.0,0.0,0.0,0.0,0.0
1803,157389,157291,0.9993773389499901,6.61489166621787e-05,6.948525315120246e-05,6.281258017315494e-05,1.6617673856269577,12.041324461407399,1.6553057669282378,12.350480487210728,0.14640239720568954,11.73216843560407,1.4102543850430393,9.6991130368826,7.75007816737806,0.0,0.0,0.0,0.0,0.0,0.0,0.0,0.0,0.0,0.0,0.0,0.0,0.0,0.0,0.0,0.0,0.0,0.0,0.0,0.0,0.0,0.0,0.0,0.0
1805,74332,74305,0.9996367647850186,7.687608036016647e-05,8.425243848120267e-05,6.949972223913026e-05,0.37266388683487583,11.840613397777116,-0.1681847674602201,12.14912247320985,-0.33255414077294065,11.53210432234438,1.4519111869755328,8.994533607247368,7.091127657180313,0.0,0.0,0.0,0.0,0.0,0.0,0.0,0.0,0.0,0.0,0.0,0.0,0.0,0.0,0.0,0.0,0.0,0.0,0.0,0.0,0.0,0.0,0.0,0.0
1806,156973,156580,0.9974963847285839,0.00012942484009137445,0.00013267704049768625,0.00012617263968506265,1.1789961592305538,12.277361338208618,1.1788772140218085,12.56601364028933,0.016746872561059795,11.988709036127903,1.3503621758054096,9.323192146937542,7.637115772580704,0.0,0.0,0.0,0.0,0.0,0.0,0.0,0.0,0.0,0.0,0.0,0.0,0.0,0.0,0.0,0.0,0.0,0.0,0.0,0.0,0.0,0.0,0.0,0.0
1807,158295,157576,0.9954578476894406,0.00017229446734357,0.00017548569092684652,0.0001691032437602935,0.8885179932947782,12.377064828210132,0.8774436717340317,12.67096368769821,-0.13984572693679387,12.083165968722055,1.3093865275629857,8.837312877831462,7.365288525546035,0.0,0.0,0.0,0.0,0.0,0.0,0.0,0.0,0.0,0.0,0.0,0.0,0.0,0.0,0.0,0.0,0.0,0.0,0.0,0.0,0.0,0.0,0.0,0.0
1808,157642,157623,0.9998794737443067,3.095772454392298e-05,3.449623865614537e-05,2.741921043170059e-05,3.750961781040831,11.793599724092353,-3.6746297618328323,12.202751937700407,0.752868113471002,11.3844475104843,1.4819893723428403,16.232673471350267,12.857592926583077,0.0,0.0,0.0,0.0,0.0,0.0,0.0,0.0,0.0,0.0,0.0,0.0,0.0,0.0,0.0,0.0,0.0,0.0,0.0,0.0,0.0,0.0,0.0,0.0
1809,57710,57703,0.9998787038641483,5.505805700101174e-05,6.536379132338066e-05,4.475232267864282e-05,0.22740993942248763,11.546062658683901,-0.053244339064294474,11.897624667790886,0.22108894342717808,11.194500649576915,1.4845972173216144,16.160974770784538,12.788768043348362,0.0,0.0,0.0,0.0,0.0,0.0,0.0,0.0,0.0,0.0,0.0,0.0,0.0,0.0,0.0,0.0,0.0,0.0,0.0,0.0,0.0,0.0,0.0,0.0
1810,95062,95035,0.9997159748374745,6.0114161052504667e-05,6.58828757085228e-05,5.434544639648653e-05,0.23759153122621296,11.664227175268088,0.10924151113715062,11.962011175531488,0.21098821757360842,11.36644317500469,1.4353963798151717,16.120922760903383,12.953218421557986,0.0,0.0,0.0,0.0,0.0,0.0,0.0,0.0,0.0,0.0,0.0,0.0,0.0,0.0,0.0,0.0,0.0,0.0,0.0,0.0,0.0,0.0,0.0,0.0
1811,158517,158409,0.99931868506217,6.878367186924361e-05,7.20883056306576e-05,6.547903810782962e-05,0.6664272326225763,11.768923968724657,-0.4903343817661936,12.054168712401477,0.4513285393579163,11.483679225047835,1.4044184003754197,15.7103600405729,12.763544814743872,0.0,0.0,0.0,0.0,0.0,0.0,0.0,0.0,0.0,0.0,0.0,0.0,0.0,0.0,0.0,0.0,0.0,0.0,0.0,0.0,0.0,0.0,0.0,0.0
1812,158022,157890,0.9991646732733417,7.59317061281295e-05,7.923110888463647e-05,7.263230337162252e-05,1.0631158214102614,11.660861529557394,-0.5499452441279908,11.93741580756871,0.9098216738426379,11.384307251546076,1.3982281444862061,11.886004675059873,9.659165516153466,0.0,0.0,0.0,0.0,0.0,0.0,0.0,0.0,0.0,0.0,0.0,0.0,0.0,0.0,0.0,0.0,0.0,0.0,0.0,0.0,0.0,0.0,0.0,0.0
1813,157493,156711,0.9950346999549187,0.0001804238485337284,0.0001836261733718647,0.00017722152369559208,0.40010431215673203,11.885561190856127,-0.05156094966480328,12.175560458068567,0.3967681049127756,11.595561923643688,1.3013404261268775,11.399470014359947,9.59675067152898,0.0,0.0,0.0,0.0,0.0,0.0,0.0,0.0,0.0,0.0,0.0,0.0,0.0,0.0,0.0,0.0,0.0,0.0,0.0,0.0,0.0,0.0,0.0,0.0
1814,64297,64292,0.9999222358741465,4.311916408872296e-05,5.2634179787403035e-05,3.360414839004289e-05,1.748426208313605,11.172958607248582,-1.7085922459981426,11.459113750943377,0.3710885916232302,10.886803463553784,1.5089882282976559,20.553342808053777,16.29575225497467,0.0,0.0,0.0,0.0,0.0,0.0,0.0,0.0,0.0,0.0,0.0,0.0,0.0,0.0,0.0,0.0,0.0,0.0,0.0,0.0,0.0,0.0,0.0,0.0
1815,157817,157813,0.9999746541880786,1.6093540728234768e-05,2.0051761359329845e-05,1.213532009713969e-05,3.2546660254010518,11.29557422933425,-3.2357821303224283,11.608582856432482,0.35009276197306016,10.982565602236015,1.523035734509329,24.44969397416478,19.474654180851754,0.0,0.0,0.0,0.0,0.0,0.0,0.0,0.0,0.0,0.0,0.0,0.0,0.0,0.0,0.0,0.0,0.0,0.0,0.0,0.0,0.0,0.0,0.0,0.0
1816,157872,157861,0.9999303232998885,2.434294586406427e-05,2.799061203750952e-05,2.0695279690619017e-05,2.740897523500081,11.266206217052813,-2.7207807156158084,11.552129727225681,0.3314687494500896,10.980282706879946,1.533204675419114,28.950268195466005,23.238402187745237,0.0,0.0,0.0,0.0,0.0,0.0,0.0,0.0,0.0,0.0,0.0,0.0,0.0,0.0,0.0,0.0,0.0,0.0,0.0,0.0,0.0,0.0,0.0,0.0
1817,158945,158939,0.9999622510931454,1.8769589258837982e-05,2.2558934668848174e-05,1.498024384882779e-05,3.758377008658699,11.347608239079761,-3.753843786187022,11.658980131249123,0.18453879841212922,11.036236346910401,1.544134712144399,34.520691477645265,27.934508186878006,0.0,0.0,0.0,0.0,0.0,0.0,0.0,0.0,0.0,0.0,0.0,0.0,0.0,0.0,0.0,0.0,0.0,0.0,0.0,0.0,0.0,0.0,0.0,0.0
1819,157828,156074,0.9888866360848518,0.0002672271376967794,0.00027036460426310693,0.0002640896711304519,2.3318558661010607,11.674401996655412,2.2269624923903333,11.982440593180694,0.6915127169883164,11.366363400130131,1.3483166984279011,12.94998477171051,10.791644109283205,0.0,0.0,0.0,0.0,0.0,0.0,0.0,0.0,0.0,0.0,0.0,0.0,0.0,0.0,0.0,0.0,0.0,0.0,0.0,0.0,0.0,0.0,0.0,0.0
1820,236163,236073,0.9996189072801412,4.234296883376398e-05,4.457217774256339e-05,4.0113759924964576e-05,0.8318227004012235,11.83822964274207,0.5546991795040342,12.10709733437771,0.6198692000416983,11.569361951106428,1.3167545668523937,13.267032470949617,11.281509665864087,0.0,0.0,0.0,0.0,0.0,0.0,0.0,0.0,0.0,0.0,0.0,0.0,0.0,0.0,0.0,0.0,0.0,0.0,0.0,0.0,0.0,0.0,0.0,0.0
1822,490475,490330,0.9997043682144859,2.5596482622791683e-05,2.6658587327421657e-05,2.453437791816171e-05,1.3500830144732203,11.866065326553574,0.38689810251362716,12.162387493889204,1.293458157127803,11.569743159217946,1.3107963559175249,13.400989566576222,11.422943408458377,0.0,0.0,0.0,0.0,0.0,0.0,0.0,0.0,0.0,0.0,0.0,0.0,0.0,0.0,0.0,0.0,0.0,0.0,0.0,0.0,0.0,0.0,0.0,0.0
1823,489088,488970,0.9997587346244439,2.3259786313456488e-05,2.4329640456399737e-05,2.2189932170513238e-05,1.00436162865179,11.858529189013058,-0.6902868701247511,12.151922042895398,0.7295521352456253,11.565136335130717,1.3045011863826188,13.503491094008355,11.537878692021,0.0,0.0,0.0,0.0,0.0,0.0,0.0,0.0,0.0,0.0,0.0,0.0,0.0,0.0,0.0,0.0,0.0,0.0,0.0,0.0,0.0,0.0,0.0,0.0
1824,489216,489122,0.9998078558346416,2.0868512177196763e-05,2.1943875865182427e-05,1.97931484892111e-05,1.07981341152049,11.865465418018339,0.14278025403408587,12.18272742539322,1.0703320992839003,11.548203410643458,1.3024826245014622,13.6189605015298,11.641468075289666,0.0,0.0,0.0,0.0,0.0,0.0,0.0,0.0,0.0,0.0,0.0,0.0,0.0,0.0,0.0,0.0,0.0,0.0,0.0,0.0,0.0,0.0,0.0,0.0
1825,490280,490183,0.9998021538712573,2.1136148281641898e-05,2.2208343384955143e-05,2.0063953178328653e-05,0.8938121230312912,11.728037133882665,-0.2439733655132014,12.02696504842201,0.8598704019780341,11.429109219343323,1.3185105458638975,13.753371972954541,11.681440117125641,0.0,0.0,0.0,0.0,0.0,0.0,0.0,0.0,0.0,0.0,0.0,0.0,0.0,0.0,0.0,0.0,0.0,0.0,0.0,0.0,0.0,0.0,0.0,0.0
1828,489883,489746,0.9997203413876374,2.4939967146919706e-05,2.6004612981189723e-05,2.387532131264969e-05,0.6739828585388917,11.519318151464066,0.4811306381167469,11.802291057148357,0.4719811465192521,11.236345245779773,1.3786490885717513,13.837921487805433,11.499034663960495,0.0,0.0,0.0,0.0,0.0,0.0,0.0,0.0,0.0,0.0,0.0,0.0,0.0,0.0,0.0,0.0,0.0,0.0,0.0,0.0,0.0,0.0,0.0,0.0
1829,491026,490749,0.9994358750860444,3.493558383943496e-05,3.598421016248743e-05,3.388695751638249e-05,0.4248514167074286,11.364904247994486,0.19722133998487623,11.668875215979073,0.3763010355192754,11.0609332800099,1.4019222476215192,13.713185350207015,11.308047953258514,0.0,0.0,0.0,0.0,0.0,0.0,0.0,0.0,0.0,0.0,0.0,0.0,0.0,0.0,0.0,0.0,0.0,0.0,0.0,0.0,0.0,0.0,0.0,0.0
1833,413449,412912,0.9987011699145482,5.726612566370193e-05,5.8499442212589514e-05,5.603280911481434e-05,0.2730052296193573,11.381857762303785,0.2693925555413045,11.695010567095476,-0.044266312455898085,11.068704957512091,1.4139650158606574,13.352010989222261,10.969710956140567,0.0,0.0,0.0,0.0,0.0,0.0,0.0,0.0,0.0,0.0,0.0,0.0,0.0,0.0,0.0,0.0,0.0,0.0,0.0,0.0,0.0,0.0,0.0,0.0
1834,488815,485823,0.9938790749056391,0.00011265601711041295,0.00011367651526106304,0.00011163551895976287,0.17705207958217994,11.391079966630453,0.17560212864749922,11.68965355872092,-0.022612635822515482,11.092506374539987,1.3954262420067143,12.381430080904765,10.245300937432098,0.0,0.0,0.0,0.0,0.0,0.0,0.0,0.0,0.0,0.0,0.0,0.0,0.0,0.0,0.0,0.0,0.0,0.0,0.0,0.0,0.0,0.0,0.0,0.0
1838,101745,101671,0.9992726915327534,8.957984381369188e-05,9.477726989826074e-05,8.438241772912303e-05,0.6005444861454872,12.051082312344374,0.5837375922123977,12.356900873491735,0.14108190272965435,11.745263751197012,1.2888068897394096,10.423011487252028,8.910477161571118,0.0,0.0,0.0,0.0,0.0,0.0,0.0,0.0,0.0,0.0,0.0,0.0,0.0,0.0,0.0,0.0,0.0,0.0,0.0,0.0,0.0,0.0,0.0,0.0
1839,80910,80868,0.9994809047089358,8.64655227083011e-05,9.312196565103292e-05,7.980907976556928e-05,0.373009204724973,12.001093458061208,0.14497076579499169,12.344653391010791,0.34368494857117393,11.657533525111624,1.288927515176672,10.411652677387124,8.89930978238455,0.0,0.0,0.0,0.0,0.0,0.0,0.0,0.0,0.0,0.0,0.0,0.0,0.0,0.0,0.0,0.0,0.0,0.0,0.0,0.0,0.0,0.0,0.0,0.0
1840,130784,130687,0.9992583190604355,7.921384675091403e-05,8.322893104917295e-05,7.519876245265511e-05,0.24737713052090857,11.989865648797817,-0.24129153396118072,12.3324666327499,-0.05453292898257898,11.647264664845732,1.2890653714831648,10.419461826174087,8.90586516324617,0.0,0.0,0.0,0.0,0.0,0.0,0.0,0.0,0.0,0.0,0.0,0.0,0.0,0.0,0.0,0.0,0.0,0.0,0.0,0.0,0.0,0.0,0.0,0.0
1841,207623,207205,0.9979867355736118,0.00010086340748843847,0.0001033227947294657,9.840402024741124e-05,0.8372454186453746,12.131156039000285,0.8364910424336628,12.427970225126751,0.03553346269240947,11.83434185287382,1.256016313238322,10.264473198397505,8.880914088798075,0.0,0.0,0.0,0.0,0.0,0.0,0.0,0.0,0.0,0.0,0.0,0.0,0.0,0.0,0.0,0.0,0.0,0.0,0.0,0.0,0.0,0.0,0.0,0.0
1844,489213,488515,0.998573218618475,5.5028980380400494e-05,5.60683174448684e-05,5.398964331593259e-05,0.08959116391472667,12.234142162362396,0.03291662153251822,12.547758601547873,0.08332510233105256,11.920525723176917,1.258390518809126,8.001265379949768,6.894747117001963,0.0,0.0,0.0,0.0,0.0,0.0,0.0,0.0,0.0,0.0,0.0,0.0,0.0,0.0,0.0,0.0,0.0,0.0,0.0,0.0,0.0,0.0,0.0,0.0
1845,489994,488562,0.9970775152348804,7.819041403289706e-05,7.921917927988797e-05,7.716164878590615e-05,1.3075214913364945,12.301738926455716,1.2484535099022442,12.598646561730241,0.38855666757833107,12.004831291181192,1.233851707315757,7.941403303591522,6.90924745731008,0.0,0.0,0.0,0.0,0.0,0.0,0.0,0.0,0.0,0.0,0.0,0.0,0.0,0.0,0.0,0.0,0.0,0.0,0.0,0.0,0.0,0.0,0.0,0.0
1846,207702,207519,0.9991189300054887,6.758032965764604e-05,7.007450079976607e-05,6.508615851552602e-05,0.45297270525697214,12.216566983845816,0.4098698475356124,12.504601187094424,0.19284962999433944,11.928532780597205,1.243483551911205,6.232072317812503,5.346720658707652,0.0,0.0,0.0,0.0,0.0,0.0,0.0,0.0,0.0,0.0,0.0,0.0,0.0,0.0,0.0,0.0,0.0,0.0,0.0,0.0,0.0,0.0,0.0,0.0
1847,161796,160636,0.9928304778857326,0.00021298747424641773,0.00021608101085135445,0.000209893937641481,2.10943835032376,12.567331632121295,2.094288768926909,12.839106619771725,0.252358289269915,12.295556644470864,1.1934918506648708,7.7140092536269,6.81098119838704,0.0,0.0,0.0,0.0,0.0,0.0,0.0,0.0,0.0,0.0,0.0,0.0,0.0,0.0,0.0,0.0,0.0,0.0,0.0,0.0,0.0,0.0,0.0,0.0
1849,491630,484101,0.9846856375729716,0.00017626857545482988,0.0001772610234985761,0.00017527612741108367,1.3188212824411962,12.676108843208805,1.3094735152810848,12.987292494814723,-0.15674401997282042,12.364925191602888,1.1655115301922736,7.301293183643437,6.510147823135803,0.0,0.0,0.0,0.0,0.0,0.0,0.0,0.0,0.0,0.0,0.0,0.0,0.0,0.0,0.0,0.0,0.0,0.0,0.0,0.0,0.0,0.0,0.0,0.0
1850,490493,488813,0.9965748746669167,8.449820597189461e-05,8.552385819915465e-05,8.347255374463458e-05,1.6640433772795542,12.472612947175879,-1.645242671823339,12.813589082924317,-0.24943318199378625,12.131636811427443,1.22067721730198,10.088956086670565,8.833979720654018,0.0,0.0,0.0,0.0,0.0,0.0,0.0,0.0,0.0,0.0,0.0,0.0,0.0,0.0,0.0,0.0,0.0,0.0,0.0,0.0,0.0,0.0,0.0,0.0
1851,491374,487776,0.992677675253473,0.00012272315984335203,0.00012373506779961296,0.00012171125188709109,0.36785209399549246,12.51042301312349,0.12368925648783195,12.823267445808465,-0.3464334436603313,12.197578580438515,1.1925122783728213,9.696054767383005,8.569032474418897,0.0,0.0,0.0,0.0,0.0,0.0,0.0,0.0,0.0,0.0,0.0,0.0,0.0,0.0,0.0,0.0,0.0,0.0,0.0,0.0,0.0,0.0,0.0,0.0
1852,489631,489200,0.9991197452775662,4.3438221665581533e-05,4.448307993010214e-05,4.2393363401060924e-05,2.0241643379341285,12.385578703068074,-1.8781608256268665,12.720038248724006,0.7548199653194904,12.051119157412142,1.2613461946732487,13.150158719643905,11.395899303593268,0.0,0.0,0.0,0.0,0.0,0.0,0.0,0.0,0.0,0.0,0.0,0.0,0.0,0.0,0.0,0.0,0.0,0.0,0.0,0.0,0.0,0.0,0.0,0.0
1853,490502,490224,0.9994332337075078,3.5034056307392536e-05,3.6083742090187165e-05,3.398437052459791e-05,0.8865536364079373,12.185136427789875,-0.6553665593874106,12.497628446688422,0.5970527808032089,11.872644408891329,1.276599929184501,13.308729138311175,11.48137737712418,0.0,0.0,0.0,0.0,0.0,0.0,0.0,0.0,0.0,0.0,0.0,0.0,0.0,0.0,0.0,0.0,0.0,0.0,0.0,0.0,0.0,0.0,0.0,0.0
1855,387433,387355,0.9997986748676545,2.412269743795603e-05,2.548707857030763e-05,2.275831630560443e-05,0.42321067082553016,11.94836309466592,0.02215529661042156,12.183411477542055,0.4226303523561689,11.713314711789785,1.3151153847361268,16.086237336874458,13.766964899558301,0.0,0.0,0.0,0.0,0.0,0.0,0.0,0.0,0.0,0.0,0.0,0.0,0.0,0.0,0.0,0.0,0.0,0.0,0.0,0.0,0.0,0.0,0.0,0.0
1857,1390385,1390042,0.9997533057390579,1.3689984766585006e-05,1.4059451859171901e-05,1.3320517673998111e-05,0.8465618405970237,11.896926340777688,0.05410408967133186,12.125352055448683,0.8448311650477017,11.668500626106692,1.3169198373778812,16.070357891859974,13.734989244906021,0.0,0.0,0.0,0.0,0.0,0.0,0.0,0.0,0.0,0.0,0.0,0.0,0.0,0.0,0.0,0.0,0.0,0.0,0.0,0.0,0.0,0.0,0.0,0.0
1859,1350420,1350191,0.9998304231276196,1.1586521784290316e-05,1.1969225775954051e-05,1.120381779262658e-05,3.4379388471620347,12.024836767570891,-3.368001429443911,12.311979657632143,0.6899202041465319,11.737693877509638,1.3314186711981268,19.318080214531534,16.51705950665361,0.0,0.0,0.0,0.0,0.0,0.0,0.0,0.0,0.0,0.0,0.0,0.0,0.0,0.0,0.0,0.0,0.0,0.0,0.0,0.0,0.0,0.0,0.0,0.0
1860,1392906,1392699,0.9998513898281722,1.069809470283234e-05,1.1069757360204768e-05,1.032643204545991e-05,3.730685649861264,11.949132267629981,-3.684509483181576,12.20138640416847,0.5851540706735264,11.69687813109149,1.3435556844256262,22.598095953517962,19.33025472485168,0.0,0.0,0.0,0.0,0.0,0.0,0.0,0.0,0.0,0.0,0.0,0.0,0.0,0.0,0.0,0.0,0.0,0.0,0.0,0.0,0.0,0.0,0.0,0.0
1863,1404623,1404407,0.9998462220823666,1.0829169187986931e-05,1.1197466449064386e-05,1.0460871926909476e-05,3.4952020343187993,11.939026448361732,-3.4878466696164447,12.193705176421856,-0.22663377937047827,11.684347720301608,1.3560479398636007,25.697683406782048,21.986461183539426,0.0,0.0,0.0,0.0,0.0,0.0,0.0,0.0,0.0,0.0,0.0,0.0,0.0,0.0,0.0,0.0,0.0,0.0,0.0,0.0,0.0,0.0,0.0,0.0
1868,890655,889373,0.9985606098882284,4.076158637744687e-05,4.132966718595199e-05,4.0193505568941745e-05,0.3334021901939262,10.36994596149308,0.3296240388093699,10.581753557055151,0.0500501095413981,10.158138365931007,1.3386828383410254,26.12728400117154,22.56300707472485,0.0,0.0,0.0,0.0,0.0,0.0,0.0,0.0,0.0,0.0,0.0,0.0,0.0,0.0,0.0,0.0,0.0,0.0,0.0,0.0,0.0,0.0,0.0,0.0
1873,60299,59804,0.9917909086386175,0.00037603866960861376,0.0003843858099640274,0.00036769152925320014,53.1833980730567,12.150903345327496,-52.791991761239714,13.190090089834532,6.440453126792349,11.11171660082046,1.3433915717616842,26.18723260450813,22.58136595586496,0.0,0.0,0.0,0.0,0.0,0.0,0.0,0.0,0.0,0.0,0.0,0.0,0.0,0.0,0.0,0.0,0.0,0.0,0.0,0.0,0.0,0.0,0.0,0.0
1874,106976,106928,0.9995513012264433,6.957637655730098e-05,7.458824107586803e-05,6.456451203873392e-05,0.1728488048825226,9.589989626096457,0.17213794819162515,9.738422492045949,-0.015660017295448664,9.441556760146964,1.3977292815945255,26.614055522237148,22.235965377492064,0.0,0.0,0.0,0.0,0.0,0.0,0.0,0.0,0.0,0.0,0.0,0.0,0.0,0.0,0.0,0.0,0.0,0.0,0.0,0.0,0.0,0.0,0.0,0.0
1875,208766,208702,0.9996934366707222,4.0783713043557324e-05,4.332938331919056e-05,3.8238042767924085e-05,1.6419079504449174,9.643578102668727,1.1928582807257706,9.810401051610429,-1.1282512308161636,9.476755153727023,1.3981616895005462,26.535282948562447,22.154806658252323,0.0,0.0,0.0,0.0,0.0,0.0,0.0,0.0,0.0,0.0,0.0,0.0,0.0,0.0,0.0,0.0,0.0,0.0,0.0,0.0,0.0,0.0,0.0,0.0
1876,942562,940823,0.9981550285286273,4.4762612130544444e-05,4.529792686547296e-05,4.422729739561593e-05,5.441661804592096,10.624519363294127,5.441640353404108,11.008576976068063,-0.015279390057257834,10.240461750520192,1.2982874412138388,13.491455676054708,11.59939600974433,0.0,0.0,0.0,0.0,0.0,0.0,0.0,0.0,0.0,0.0,0.0,0.0,0.0,0.0,0.0,0.0,0.0,0.0,0.0,0.0,0.0,0.0,0.0,0.0
1877,944630,942583,0.9978330139843113,4.840577640252697e-05,4.893907874592429e-05,4.7872474059129644e-05,3.211041353111316,10.621000633516328,3.2036679565278217,10.92963417583545,-0.21748148359757696,10.312367091197205,1.2763239004949263,10.712785124056445,9.239743981285942,0.0,0.0,0.0,0.0,0.0,0.0,0.0,0.0,0.0,0.0,0.0,0.0,0.0,0.0,0.0,0.0,0.0,0.0,0.0,0.0,0.0,0.0,0.0,0.0
1878,1091318,1088244,0.9971832224887704,5.122477851332574e-05,5.168486780371406e-05,5.076468922293742e-05,5.300908390798947,10.770439883260256,5.240356360853407,11.107350690687472,0.7989336511287474,10.433529075833038,1.2485929699033773,8.29494831752986,7.2087376499195575,0.0,0.0,0.0,0.0,0.0,0.0,0.0,0.0,0.0,0.0,0.0,0.0,0.0,0.0,0.0,0.0,0.0,0.0,0.0,0.0,0.0,0.0,0.0,0.0
1880,1804500,1799334,0.9971371571072319,4.0077100777857755e-05,4.035475632613306e-05,3.979944522958245e-05,9.00573769578234,11.884332919293085,2.548252643204537,11.583941977230454,-8.637691816199286,12.184723861355716,1.318215762002464,10.250695956379998,8.54877862086058,0.0,0.0,0.0,0.0,0.0,0.0,0.0,0.0,0.0,0.0,0.0,0.0,0.0,0.0,0.0,0.0,0.0,0.0,0.0,0.0,0.0,0.0,0.0,0.0
1881,372790,370441,0.9936988653129107,0.0001310286516255088,0.00013236784032077953,0.00012968946293023809,8.989641099895689,11.770912320627122,2.1438132806164716,11.014480520213434,-8.730275581147838,12.527344121040812,1.3653962459849944,11.274409557557487,9.27308881171071,0.0,0.0,0.0,0.0,0.0,0.0,0.0,0.0,0.0,0.0,0.0,0.0,0.0,0.0,0.0,0.0,0.0,0.0,0.0,0.0,0.0,0.0,0.0,0.0
1884,2268184,2262043,0.9972925476945433,3.474570057626636e-05,3.496653737733446e-05,3.4524863775198256e-05,2.2580193858595483,11.172448580045621,1.4248992309163757,11.287633975368044,-1.7516602777512118,11.057263184723201,1.3182281280018406,10.271315071341832,8.56225994597129,0.0,0.0,0.0,0.0,0.0,0.0,0.0,0.0,0.0,0.0,0.0,0.0,0.0,0.0,0.0,0.0,0.0,0.0,0.0,0.0,0.0,0.0,0.0,0.0
1885,2542888,2535897,0.9972507636985978,3.305365729705523e-05,3.3250542425644625e-05,3.285677216846583e-05,2.110245555434455,11.18232410333584,0.021237938099174188,11.284727850496939,-2.1101386812757514,11.079920356174743,1.316956266578439,10.258855689311154,8.5575394903586,0.0,0.0,0.0,0.0,0.0,0.0,0.0,0.0,0.0,0.0,0.0,0.0,0.0,0.0,0.0,0.0,0.0,0.0,0.0,0.0,0.0,0.0,0.0,0.0
1886,2185972,2179742,0.9971500092407405,3.630852052199929e-05,3.653758672894636e-05,3.607945431505222e-05,1.6855965070269674,11.204117376156958,0.0007837653811306544,11.311251623785704,-1.6855963248101073,11.096983128528212,1.322394557884201,10.476729246180243,8.744370749451228,0.0,0.0,0.0,0.0,0.0,0.0,0.0,0.0,0.0,0.0,0.0,0.0,0.0,0.0,0.0,0.0,0.0,0.0,0.0,0.0,0.0,0.0,0.0,0.0
1887,2169554,2163797,0.9973464592261819,3.5179519420169836e-05,3.541046880606302e-05,3.494857003427665e-05,2.5883847015003987,11.192771698561163,0.6648386939926163,11.287787011068954,-2.5015444976916763,11.097756386053371,1.3048231228578604,7.778347498635452,6.477090356739335,0.0,0.0,0.0,0.0,0.0,0.0,0.0,0.0,0.0,0.0,0.0,0.0,0.0,0.0,0.0,0.0,0.0,0.0,0.0,0.0,0.0,0.0,0.0,0.0
1888,2321543,2314002,0.9967517293455258,3.7584638360455e-05,3.78000315545135e-05,3.73692451663965e-05,3.0060203438107167,11.272374094974317,1.4260175753019773,11.378808583871033,-2.6462487000155086,11.165939606077604,1.3026567281748904,8.381052448570014,7.019447504815754,0.0,0.0,0.0,0.0,0.0,0.0,0.0,0.0,0.0,0.0,0.0,0.0,0.0,0.0,0.0,0.0,0.0,0.0,0.0,0.0,0.0,0.0,0.0,0.0
1889,2387500,2378760,0.9963392670157069,3.9320396851949546e-05,3.9529580611930015e-05,3.911121309196908e-05,3.5655208284954423,11.373688604941027,2.787317880271459,11.503037429875622,-2.2234652713172394,11.244339780006431,1.2727547234158754,7.5144132416807095,6.352860901044911,0.0,0.0,0.0,0.0,0.0,0.0,0.0,0.0,0.0,0.0,0.0,0.0,0.0,0.0,0.0,0.0,0.0,0.0,0.0,0.0,0.0,0.0,0.0,0.0
1890,2083301,2068543,0.9929160500570969,5.8383205901013646e-05,5.862098985776054e-05,5.814542194426675e-05,3.250766906696786,11.380444110661681,1.7791095112594357,11.489945393519216,-2.720708515923969,11.270942827804147,1.272862684587704,7.509884149645964,6.3491360086710085,0.0,0.0,0.0,0.0,0.0,0.0,0.0,0.0,0.0,0.0,0.0,0.0,0.0,0.0,0.0,0.0,0.0,0.0,0.0,0.0,0.0,0.0,0.0,0.0
1894,2201400,2186996,0.9934568910693196,5.46019849683721e-05,5.482727041739022e-05,5.437669951935398e-05,4.668587166461712,11.698076229657797,2.082087334036705,11.731591698799205,-4.178590487747623,11.664560760516387,1.244072302381773,5.852631819311729,5.015033058589314,0.0,0.0,0.0,0.0,0.0,0.0,0.0,0.0,0.0,0.0,0.0,0.0,0.0,0.0,0.0,0.0,0.0,0.0,0.0,0.0,0.0,0.0,0.0,0.0
1895,2320297,2297670,0.9902482311531671,6.47693265559135e-05,6.498150035683103e-05,6.455715275499596e-05,5.200103680661233,11.811494763477565,2.0335510059456245,11.809421506924084,-4.785995047620091,11.813568020031049,1.2272432691777824,3.744129455194732,3.233269820716893,0.0,0.0,0.0,0.0,0.0,0.0,0.0,0.0,0.0,0.0,0.0,0.0,0.0,0.0,0.0,0.0,0.0,0.0,0.0,0.0,0.0,0.0,0.0,0.0
1896,2230687,2225236,0.9975563581981695,3.330321854527751e-05,3.3527974132363525e-05,3.30784629581915e-05,5.530640917114013,11.326422682994048,-3.011335948743355,11.322095328182074,-4.63894866945752,11.330750037806022,1.367230771548721,16.118869956264263,13.321112840024544,0.0,0.0,0.0,0.0,0.0,0.0,0.0,0.0,0.0,0.0,0.0,0.0,0.0,0.0,0.0,0.0,0.0,0.0,0.0,0.0,0.0,0.0,0.0,0.0
1897,2619518,2613875,0.9978457868966734,2.885576572103643e-05,2.9047248442881646e-05,2.8664282999191215e-05,5.37751113179617,11.336815465051775,0.2541519632976392,11.258461291945764,-5.371501908418509,11.415169638157787,1.3446364173268688,13.044960886416318,10.801869798219064,0.0,0.0,0.0,0.0,0.0,0.0,0.0,0.0,0.0,0.0,0.0,0.0,0.0,0.0,0.0,0.0,0.0,0.0,0.0,0.0,0.0,0.0,0.0,0.0
1898,2623114,2616440,0.9974556957875258,3.131542223760997e-05,3.150639095683694e-05,3.1124453518383e-05,7.303754930029479,11.547095383867326,-1.0954614260792919,11.307011009950605,-7.221135668432095,11.787179757784045,1.35932272173681,19.27294746537394,16.076713909060345,0.0,0.0,0.0,0.0,0.0,0.0,0.0,0.0,0.0,0.0,0.0,0.0,0.0,0.0,0.0,0.0,0.0,0.0,0.0,0.0,0.0,0.0,0.0,0.0
1900,2962115,2955208,0.997668220173761,2.8211487861196094e-05,2.838065564403358e-05,2.8042320078358607e-05,6.897400177187331,11.365083115306707,0.30328281899488585,11.130031205935124,-6.8907291875364205,11.600135024678291,1.392584441630489,22.715070102601185,18.802607622760764,0.0,0.0,0.0,0.0,0.0,0.0,0.0,0.0,0.0,0.0,0.0,0.0,0.0,0.0,0.0,0.0,0.0,0.0,0.0,0.0,0.0,0.0,0.0,0.0
1902,572245,567902,0.9924105933647301,0.00011567457904793077,0.00011654236432634413,0.00011480679376951741,7.002436661921269,11.186297574809675,3.7789736348922074,10.927663985281319,-5.895208009138326,11.444931164338032,1.3581712585257288,11.006593219296107,9.081975320341027,0.0,0.0,0.0,0.0,0.0,0.0,0.0,0.0,0.0,0.0,0.0,0.0,0.0,0.0,0.0,0.0,0.0,0.0,0.0,0.0,0.0,0.0,0.0,0.0
1903,573592,560239,0.9767203866162708,0.00020010056424457634,0.00020093603082083078,0.0001992650976683219,11.542688107760242,12.092361860365433,8.375801846942464,11.588935224641912,-7.9422661862836685,12.595788496088954,1.248510413561165,6.3863644252569856,5.47358128885355,0.0,0.0,0.0,0.0,0.0,0.0,0.0,0.0,0.0,0.0,0.0,0.0,0.0,0.0,0.0,0.0,0.0,0.0,0.0,0.0,0.0,0.0,0.0,0.0
1904,405302,346428,0.8547404157887205,0.0005550663832427638,0.0005559443328940761,0.0005541884335914515,5.341249444159356,11.041541141702925,-1.7168637182925695,10.96134996014717,-5.057798394315776,11.12173232325868,1.318299601070382,8.389400528007272,6.949872465014798,0.0,0.0,0.0,0.0,0.0,0.0,0.0,0.0,0.0,0.0,0.0,0.0,0.0,0.0,0.0,0.0,0.0,0.0,0.0,0.0,0.0,0.0,0.0,0.0
1905,578164,564675,0.9766692495554894,0.00019951699775894172,0.00020034575058114346,0.00019868824493673998,8.537160540187513,11.720516823779963,5.940724656455214,11.437319044774116,-6.131141871227562,12.003714602785811,1.2474324414896139,6.383474583197925,5.477208869545544,0.0,0.0,0.0,0.0,0.0,0.0,0.0,0.0,0.0,0.0,0.0,0.0,0.0,0.0,0.0,0.0,0.0,0.0,0.0,0.0,0.0,0.0,0.0,0.0
1906,516028,509693,0.9877235343818552,0.00015436050352873876,0.00015531244092692464,0.00015340856613055287,10.410353802921076,11.915449433786318,5.21738952012033,11.468257122573851,-9.008568859554321,12.362641744998784,1.0670570427547457,2.0911116559530085,1.8658625082078553,0.0,0.0,0.0,0.0,0.0,0.0,0.0,0.0,0.0,0.0,0.0,0.0,0.0,0.0,0.0,0.0,0.0,0.0,0.0,0.0,0.0,0.0,0.0,0.0
1912,1222858,1220705,0.9982393703929647,3.8345489077273864e-05,3.8757675883904774e-05,3.7933302270642955e-05,1.5982441104962264,11.501022183773237,1.0405451184445509,11.50482397802268,1.213115861415178,11.497220389523795,1.2954788082088695,13.383102846829841,11.51581827225999,0.0,0.0,0.0,0.0,0.0,0.0,0.0,0.0,0.0,0.0,0.0,0.0,0.0,0.0,0.0,0.0,0.0,0.0,0.0,0.0,0.0,0.0,0.0,0.0
1913,1263424,1022740,0.8094986322881313,0.00034998743847813873,0.00035023289366697963,0.00034974198328929784,1.1666084788032305,11.302613223082327,-0.4368147799226424,11.31549549940823,1.081743126096358,11.289730946756423,1.1453105774105181,8.79115804196248,8.003772489958406,0.0,0.0,0.0,0.0,0.0,0.0,0.0,0.0,0.0,0.0,0.0,0.0,0.0,0.0,0.0,0.0,0.0,0.0,0.0,0.0,0.0,0.0,0.0,0.0
1915,1291990,1289301,0.9979187145411342,4.050836425545379e-05,4.0897807157436183e-05,4.011892135347139e-05,2.6518957174813043,11.570748906590008,2.6217219789536186,11.60519522526622,0.39890445155099863,11.536302587913799,1.2775701004141389,10.531744854068009,9.078025183421593,0.0,0.0,0.0,0.0,0.0,0.0,0.0,0.0,0.0,0.0,0.0,0.0,0.0,0.0,0.0,0.0,0.0,0.0,0.0,0.0,0.0,0.0,0.0,0.0
1916,1253691,1250289,0.9972864126806367,4.689054399309445e-05,4.729094994027072e-05,4.649013804591817e-05,20.534550157775804,11.694285148156338,19.315288948490423,11.776249335481364,6.97046361575283,11.612320960831312,1.2487463055991697,8.134600834406928,7.063508808359862,0.0,0.0,0.0,0.0,0.0,0.0,0.0,0.0,0.0,0.0,0.0,0.0,0.0,0.0,0.0,0.0,0.0,0.0,0.0,0.0,0.0,0.0,0.0,0.0
1917,1229715,1224287,0.995585969106663,6.022570011832151e-05,6.063179754423054e-05,5.981960269241249e-05,3.832154865689569,11.804581751444221,3.8300530257673673,11.890606944530552,-0.1269044303342939,11.718556558357891,1.2132183607671225,6.00937556144265,5.27936716634382,0.0,0.0,0.0,0.0,0.0,0.0,0.0,0.0,0.0,0.0,0.0,0.0,0.0,0.0,0.0,0.0,0.0,0.0,0.0,0.0,0.0,0.0,0.0,0.0
1918,1249889,1239175,0.9914280388098463,8.291196522741684e-05,8.330738811579419e-05,8.251654233903949e-05,0.3361350773881974,11.872339088765571,0.11366527565050111,11.926149599750623,0.3163336772493012,11.81852857778052,1.178427829173526,5.805516936183991,5.167086144364685,0.0,0.0,0.0,0.0,0.0,0.0,0.0,0.0,0.0,0.0,0.0,0.0,0.0,0.0,0.0,0.0,0.0,0.0,0.0,0.0,0.0,0.0,0.0,0.0
1919,1265282,1244114,0.9832701326660777,0.00011449082541642452,0.00011487442355717636,0.00011410722727567268,1.6637721478244905,11.942191105142594,1.6201041755441254,11.99175208603676,0.3786822154009975,11.892630124248429,1.151134870926179,5.564879383569494,5.003489441462801,0.0,0.0,0.0,0.0,0.0,0.0,0.0,0.0,0.0,0.0,0.0,0.0,0.0,0.0,0.0,0.0,0.0,0.0,0.0,0.0,0.0,0.0,0.0,0.0
1920,1288748,1282503,0.9951542116845186,6.15987099851778e-05,6.198569142901178e-05,6.121172854134382e-05,34.440470422651806,11.740635469782571,33.58606518728439,11.786697137053176,7.623793554985438,11.694573802511965,1.2202583824793383,5.980327157928026,5.2307547552343,0.0,0.0,0.0,0.0,0.0,0.0,0.0,0.0,0.0,0.0,0.0,0.0,0.0,0.0,0.0,0.0,0.0,0.0,0.0,0.0,0.0,0.0,0.0,0.0
1921,1209279,1202362,0.9942800627481334,6.903657347623327e-05,6.944812942788481e-05,6.862501752458172e-05,1.2637948341776621,11.803697344870042,1.260085747862946,11.85463299286472,-0.09675376440648131,11.752761696875362,1.2007327820578193,5.3946765119823565,4.7605266136335604,0.0,0.0,0.0,0.0,0.0,0.0,0.0,0.0,0.0,0.0,0.0,0.0,0.0,0.0,0.0,0.0,0.0,0.0,0.0,0.0,0.0,0.0,0.0,0.0
1922,1234465,1224685,0.9920775396629309,8.024963288977283e-05,8.065061514006544e-05,7.984865063948021e-05,38.044687623435,11.797599718618322,37.47432903663754,11.822803510078813,6.562996237891112,11.77239592715783,1.200997823236033,5.403563519058082,4.767415866759283,0.0,0.0,0.0,0.0,0.0,0.0,0.0,0.0,0.0,0.0,0.0,0.0,0.0,0.0,0.0,0.0,0.0,0.0,0.0,0.0,0.0,0.0,0.0,0.0
1923,1231985,1219188,0.9896126982065528,9.18092826999728e-05,9.220880772631279e-05,9.14097576736328e-05,1.3140772169616322,11.867667694401312,1.3116234726882277,11.923193919764142,-0.08026704199671768,11.812141469038485,1.1725615020533484,4.18703709741147,3.735072082931859,0.0,0.0,0.0,0.0,0.0,0.0,0.0,0.0,0.0,0.0,0.0,0.0,0.0,0.0,0.0,0.0,0.0,0.0,0.0,0.0,0.0,0.0,0.0,0.0
1924,1387869,1368259,0.9858704243700234,0.00010060936980593738,0.00010096101294521098,0.00010025772666666377,1.6006666060705386,11.86798502553328,1.5623647971965162,11.918950239749833,0.3480658332420249,11.817019811316728,1.1600819752192533,4.099626878990538,3.6753566439749314,0.0,0.0,0.0,0.0,0.0,0.0,0.0,0.0,0.0,0.0,0.0,0.0,0.0,0.0,0.0,0.0,0.0,0.0,0.0,0.0,0.0,0.0,0.0,0.0
1925,1332347,1312196,0.9848755616967652,0.00010617921693756305,0.00010654474692706195,0.00010581368694806415,49.50586380788055,11.838989905668306,49.20525227671751,11.891892685112778,5.447357134336293,11.786087126223833,1.183477334566502,4.232916179543586,3.759916494954813,0.0,0.0,0.0,0.0,0.0,0.0,0.0,0.0,0.0,0.0,0.0,0.0,0.0,0.0,0.0,0.0,0.0,0.0,0.0,0.0,0.0,0.0,0.0,0.0
1926,1273479,1270324,0.9975225347257395,4.447440505811473e-05,4.486890508803576e-05,4.40799050281937e-05,4.306729280956593,11.664368380765136,-4.271850423745938,11.792516397092788,0.5470018798784363,11.536220364437485,1.251158287158734,7.933143012068177,6.869845815968097,0.0,0.0,0.0,0.0,0.0,0.0,0.0,0.0,0.0,0.0,0.0,0.0,0.0,0.0,0.0,0.0,0.0,0.0,0.0,0.0,0.0,0.0,0.0,0.0
1927,762385,760705,0.9977963889635814,5.439625314013208e-05,5.5057742115227626e-05,5.373476416503653e-05,1.623105716091439,10.692988514378706,0.49379133609412146,10.714182009139531,1.5461701982663765,10.671795019617882,1.4086757313611704,9.830100684612422,7.881675592647557,0.0,0.0,0.0,0.0,0.0,0.0,0.0,0.0,0.0,0.0,0.0,0.0,0.0,0.0,0.0,0.0,0.0,0.0,0.0,0.0,0.0,0.0,0.0,0.0
1928,670559,667975,0.9961464986675296,7.645735320005453e-05,7.72051861588352e-05,7.570952024127386e-05,4.140577464851382,10.917424118280898,4.131321470371929,11.004581328974567,-0.2767031819098153,10.830266907587228,1.3522029652309884,7.501947129506708,6.107886164059144,0.0,0.0,0.0,0.0,0.0,0.0,0.0,0.0,0.0,0.0,0.0,0.0,0.0,0.0,0.0,0.0,0.0,0.0,0.0,0.0,0.0,0.0,0.0,0.0
1929,674787,668906,0.9912846572325785,0.00011396599232560423,0.00011469944628272888,0.00011323253836847957,0.403203560556856,11.197333511277911,0.3658642930533598,11.257259837067087,-0.16945922906201216,11.137407185488737,1.2812386369581181,6.877932108832026,5.794007224553406,0.0,0.0,0.0,0.0,0.0,0.0,0.0,0.0,0.0,0.0,0.0,0.0,0.0,0.0,0.0,0.0,0.0,0.0,0.0,0.0,0.0,0.0,0.0,0.0
1930,619252,586765,0.9475383204252873,0.0002843152313412034,0.00028504061837908434,0.00028358984430332246,2.825332145048817,11.017050620936981,2.8149179610423167,11.076874354099548,0.2423604803748212,10.957226887774413,1.5247552898829293,54.73074844422182,24.687242098122976,0.0,0.0,0.0,0.0,0.0,0.0,0.0,0.0,0.0,0.0,0.0,0.0,0.0,0.0,0.0,0.0,0.0,0.0,0.0,0.0,0.0,0.0,0.0,0.0
1937,417133,415924,0.997101643840214,8.449311794772596e-05,8.570303240940103e-05,8.32832034860509e-05,1.918072748483933,10.864426878447619,-1.8690726324806883,10.918996554879419,0.43077901874211405,10.809857202015818,1.3719344986881443,11.457260737050882,9.36487365851833,0.0,0.0,0.0,0.0,0.0,0.0,0.0,0.0,0.0,0.0,0.0,0.0,0.0,0.0,0.0,0.0,0.0,0.0,0.0,0.0,0.0,0.0,0.0,0.0
1938,343348,342677,0.9980457145519998,7.68844176671224e-05,7.836428612972846e-05,7.540454920451634e-05,1.140911451112209,10.587740995810357,1.112282074240085,10.621437017358001,-0.2539833195372098,10.55404497426271,1.4327041575026114,11.881030862458166,9.485656795647397,0.0,0.0,0.0,0.0,0.0,0.0,0.0,0.0,0.0,0.0,0.0,0.0,0.0,0.0,0.0,0.0,0.0,0.0,0.0,0.0,0.0,0.0,0.0,0.0
1939,672741,668829,0.9941849835226335,9.35057494161895e-05,9.42468578167821e-05,9.27646410155969e-05,2.823271197869933,11.09437387396238,2.8181746294040555,11.168971067012032,-0.16956419110543275,11.019776680912729,1.3115210220932039,8.311082282398141,6.893727572695733,0.0,0.0,0.0,0.0,0.0,0.0,0.0,0.0,0.0,0.0,0.0,0.0,0.0,0.0,0.0,0.0,0.0,0.0,0.0,0.0,0.0,0.0,0.0,0.0
1940,671103,669132,0.9970630439738758,6.684664160561127e-05,6.759630517017001e-05,6.609697804105252e-05,1.1786618547097552,10.821567414152643,1.1647294607817293,10.881413847960541,0.18069048379740962,10.761720980344744,1.3783063201488814,8.834925916888526,7.12422592665153,0.0,0.0,0.0,0.0,0.0,0.0,0.0,0.0,0.0,0.0,0.0,0.0,0.0,0.0,0.0,0.0,0.0,0.0,0.0,0.0,0.0,0.0,0.0,0.0
1941,471281,379672,0.8056170310281976,0.0005778696790332827,0.0005785199092113169,0.0005772194488552485,4.224576486652186,11.160206372302987,-4.20821174369774,11.36597749000203,-0.37148406665556294,10.954435254603945,1.322537661260729,12.430179525427606,10.468969789973835,0.0,0.0,0.0,0.0,0.0,0.0,0.0,0.0,0.0,0.0,0.0,0.0,0.0,0.0,0.0,0.0,0.0,0.0,0.0,0.0,0.0,0.0,0.0,0.0
1942,78610,73123,0.930199720137387,0.0009157687592408204,0.0009212843207906385,0.0009102531976910022,0.383779482892766,10.72426224891418,0.0536253549866859,10.739310165485824,0.3800144902395049,10.709214332342537,1.4069303368153157,14.123767121332538,11.55348871798647,0.0,0.0,0.0,0.0,0.0,0.0,0.0,0.0,0.0,0.0,0.0,0.0,0.0,0.0,0.0,0.0,0.0,0.0,0.0,0.0,0.0,0.0,0.0,0.0
1943,664663,662984,0.997473907829983,6.236554131622274e-05,6.312379820483383e-05,6.160728442761165e-05,0.9054159114836937,10.555871361199706,-0.4138798419028578,10.574278361243346,0.8052834589349971,10.537464361156069,1.4543994976952732,15.00448863203378,12.073449039713468,0.0,0.0,0.0,0.0,0.0,0.0,0.0,0.0,0.0,0.0,0.0,0.0,0.0,0.0,0.0,0.0,0.0,0.0,0.0,0.0,0.0,0.0,0.0,0.0
1944,1009495,987799,0.9785080659141452,0.00014492212337396948,0.00014539816428671415,0.0001444460824612248,0.39346300514171056,11.17961302554859,-0.18643746315299914,11.24070893801546,-0.3464883962677825,11.118517113081719,1.3320800036684843,11.099808276082442,9.418194060293438,0.0,0.0,0.0,0.0,0.0,0.0,0.0,0.0,0.0,0.0,0.0,0.0,0.0,0.0,0.0,0.0,0.0,0.0,0.0,0.0,0.0,0.0,0.0,0.0
1948,1017632,1016021,0.9984169129901576,3.992923639573043e-05,4.042555068661802e-05,3.943292210484284e-05,0.24661123145545819,11.188512769095325,-0.18065750692603072,11.226833846559387,0.167868891314766,11.150191691631262,1.3585649386839973,13.655424009088666,11.4713886434513,0.0,0.0,0.0,0.0,0.0,0.0,0.0,0.0,0.0,0.0,0.0,0.0,0.0,0.0,0.0,0.0,0.0,0.0,0.0,0.0,0.0,0.0,0.0,0.0
1950,993055,989984,0.9969075227454672,5.625853944335457e-05,5.67638770997414e-05,5.575320178696774e-05,0.23336971904032677,10.979231380748022,-0.14572168192990367,11.037393295318875,0.1822816973271893,10.921069466177169,1.4072611019237378,13.04952206082018,10.788909539174346,0.0,0.0,0.0,0.0,0.0,0.0,0.0,0.0,0.0,0.0,0.0,0.0,0.0,0.0,0.0,0.0,0.0,0.0,0.0,0.0,0.0,0.0,0.0,0.0
1951,994007,992527,0.9985110768837644,3.920387639189116e-05,3.971235390431982e-05,3.8695398879462495e-05,0.1408815683477935,11.39289736448374,0.018715973894265426,11.42661648851961,-0.13963283504005491,11.35917824044787,1.312439293232335,13.593941961843829,11.61383057632063,0.0,0.0,0.0,0.0,0.0,0.0,0.0,0.0,0.0,0.0,0.0,0.0,0.0,0.0,0.0,0.0,0.0,0.0,0.0,0.0,0.0,0.0,0.0,0.0
1953,1014818,1013357,0.9985603329858161,3.815676533136525e-05,3.865490596033361e-05,3.765862470239689e-05,0.2081316962600044,11.491226146855535,0.04867875492828406,11.528407971174436,-0.20235904182096434,11.454044322536632,1.28513128135527,13.418122087031191,11.586279834243745,0.0,0.0,0.0,0.0,0.0,0.0,0.0,0.0,0.0,0.0,0.0,0.0,0.0,0.0,0.0,0.0,0.0,0.0,0.0,0.0,0.0,0.0,0.0,0.0
1954,982527,972004,0.9892898617544352,0.00010442164021029487,0.00010492250004723314,0.00010392078037335661,0.4761377208435592,11.844288224964345,0.3233529747488818,11.888765762809328,0.3494996179270417,11.799810687119363,1.1676423957533213,5.221303311608549,4.667774480178854,0.0,0.0,0.0,0.0,0.0,0.0,0.0,0.0,0.0,0.0,0.0,0.0,0.0,0.0,0.0,0.0,0.0,0.0,0.0,0.0,0.0,0.0,0.0,0.0
1956,24060,22692,0.943142144638404,0.0015147016089351317,0.001533391811794349,0.0014960114060759144,0.5730142007561183,10.944958462667685,0.15294838340967223,10.931552100474295,0.5522246520036397,10.958364824861077,1.2451400027496449,6.794192856553658,5.810247061733371,0.0,0.0,0.0,0.0,0.0,0.0,0.0,0.0,0.0,0.0,0.0,0.0,0.0,0.0,0.0,0.0,0.0,0.0,0.0,0.0,0.0,0.0,0.0,0.0
1958,45312,44690,0.9862729519774012,0.0005580631345224463,0.000569020830553657,0.0005471054384912355,0.8252291044941191,11.101369058019388,0.8245612055656647,11.156551291627197,0.03319477640026291,11.04618682441158,1.296865731151112,8.962151229781172,6.353928651297559,0.0,0.0,0.0,0.0,0.0,0.0,0.0,0.0,0.0,0.0,0.0,0.0,0.0,0.0,0.0,0.0,0.0,0.0,0.0,0.0,0.0,0.0,0.0,0.0
1959,47544,47183,0.992407033484772,0.0004089672439889225,0.00041960695996290376,0.0003983275280149412,0.83229690219015,11.130398588843253,0.5992688516594299,11.229456583413075,0.5775768146542141,11.03134059427343,1.2906057741119707,7.531867527955402,6.319494963137525,0.0,0.0,0.0,0.0,0.0,0.0,0.0,0.0,0.0,0.0,0.0,0.0,0.0,0.0,0.0,0.0,0.0,0.0,0.0,0.0,0.0,0.0,0.0,0.0
1960,282012,279552,0.9912769669375772,0.00017699539331317293,0.0001787565831001814,0.00017523420352616448,0.7160470871932094,11.151011156297866,0.6832662213192847,11.192248004136424,0.2141744659896363,11.109774308459308,1.2884048451294563,7.498063042985275,6.302622750838671,0.0,0.0,0.0,0.0,0.0,0.0,0.0,0.0,0.0,0.0,0.0,0.0,0.0,0.0,0.0,0.0,0.0,0.0,0.0,0.0,0.0,0.0,0.0,0.0
1961,286404,283165,0.9886908004078155,0.00019946338191062507,0.00020118623066611718,0.00019774053315513296,1.3105046645211411,11.225587177210494,1.3057061871557822,11.279525706807382,-0.11204386888526309,11.171648647613607,1.2671609063219946,6.831115502295731,5.789601839361314,0.0,0.0,0.0,0.0,0.0,0.0,0.0,0.0,0.0,0.0,0.0,0.0,0.0,0.0,0.0,0.0,0.0,0.0,0.0,0.0,0.0,0.0,0.0,0.0
1965,3032805,3027361,0.9982049620730644,2.4487443244958218e-05,2.4652971249539135e-05,2.43219152403773e-05,1.3036837832550998,11.03439939974235,-0.19416683088989004,11.06357744773544,1.2891433777918213,11.00522135174926,1.4049766347653527,18.64991009358762,15.048922427122898,0.0,0.0,0.0,0.0,0.0,0.0,0.0,0.0,0.0,0.0,0.0,0.0,0.0,0.0,0.0,0.0,0.0,0.0,0.0,0.0,0.0,0.0,0.0,0.0
1966,601632,600759,0.9985489468645284,4.994225974036537e-05,5.0785684003851195e-05,4.909883547687954e-05,0.42051151561364564,10.34700665227097,-0.3493022249181964,10.396469101951304,0.23413220716271194,10.297544202590636,1.5282420774310197,25.28731766492399,19.86434154536328,0.0,0.0,0.0,0.0,0.0,0.0,0.0,0.0,0.0,0.0,0.0,0.0,0.0,0.0,0.0,0.0,0.0,0.0,0.0,0.0,0.0,0.0,0.0,0.0
1967,603154,602294,0.9985741618226854,4.9450812325269045e-05,5.0292256317696626e-05,4.860936833284146e-05,0.6063227651568955,10.383174770853115,0.25919097171012406,10.405151645987454,0.5481307651751227,10.361197895718776,1.523036786391215,25.4613153474769,20.044459633955245,0.0,0.0,0.0,0.0,0.0,0.0,0.0,0.0,0.0,0.0,0.0,0.0,0.0,0.0,0.0,0.0,0.0,0.0,0.0,0.0,0.0,0.0,0.0,0.0
1968,615869,614953,0.9985126707140642,4.9953971770155814e-05,5.077751260584851e-05,4.913043093446312e-05,0.7240533210199948,10.361520459737093,0.6380787752003245,10.379180250307682,-0.3422114672522493,10.343860669166503,1.528686700094971,24.991879409370476,19.638214685464906,0.0,0.0,0.0,0.0,0.0,0.0,0.0,0.0,0.0,0.0,0.0,0.0,0.0,0.0,0.0,0.0,0.0,0.0,0.0,0.0,0.0,0.0,0.0,0.0
1969,622868,621895,0.9984378712664642,5.087950043214384e-05,5.169327137122259e-05,5.006572949306509e-05,0.4531562557937279,10.342720112700066,-0.3493790984246002,10.387226361370118,0.2885911255548308,10.298213864030014,1.5277499849779141,24.544633412193463,19.310283630956956,0.0,0.0,0.0,0.0,0.0,0.0,0.0,0.0,0.0,0.0,0.0,0.0,0.0,0.0,0.0,0.0,0.0,0.0,0.0,0.0,0.0,0.0,0.0,0.0
1970,619876,618973,0.9985432570385044,4.9284166082852465e-05,5.010252893977718e-05,4.846580322592775e-05,0.4012040747861244,10.352803169037593,-0.39992571085587375,10.369179588395115,-0.03200211588964336,10.336426749680072,1.521846450471818,23.835454312153736,18.82139192241111,0.0,0.0,0.0,0.0,0.0,0.0,0.0,0.0,0.0,0.0,0.0,0.0,0.0,0.0,0.0,0.0,0.0,0.0,0.0,0.0,0.0,0.0,0.0,0.0
1971,644708,643603,0.9982860457757621,5.23288452798365e-05,5.3114044701763063e-05,5.1543645857909937e-05,0.27490167893728357,10.50448882026113,-0.17310669098023923,10.552526055410409,0.21355328754296737,10.456451585111854,1.4996950625130296,22.71810869154619,18.09598553599563,0.0,0.0,0.0,0.0,0.0,0.0,0.0,0.0,0.0,0.0,0.0,0.0,0.0,0.0,0.0,0.0,0.0,0.0,0.0,0.0,0.0,0.0,0.0,0.0
1972,632264,630925,0.9978822137588096,5.864524123611048e-05,5.944416011827158e-05,5.7846322353949375e-05,0.7164829598365107,10.654566216432151,0.6596799365129727,10.693992688903961,-0.27958936513810256,10.615139743960343,1.4487953338708388,20.988106738776803,16.995940345878243,0.0,0.0,0.0,0.0,0.0,0.0,0.0,0.0,0.0,0.0,0.0,0.0,0.0,0.0,0.0,0.0,0.0,0.0,0.0,0.0,0.0,0.0,0.0,0.0
1973,627386,626442,0.998495344174081,4.976814773527405e-05,5.057634597827043e-05,4.8959949492277666e-05,0.2546592456700653,10.64034519913406,0.20457018952511713,10.669575633041779,0.1516653189193374,10.61111476522634,1.4415581947677814,24.55300836334061,19.812731100943996,0.0,0.0,0.0,0.0,0.0,0.0,0.0,0.0,0.0,0.0,0.0,0.0,0.0,0.0,0.0,0.0,0.0,0.0,0.0,0.0,0.0,0.0,0.0,0.0
1974,625863,624959,0.9985555944352039,4.8839585040871825e-05,4.9650132103007394e-05,4.8029037978736255e-05,0.884358730083583,10.281806800798732,-0.24986184958740792,10.338230929082393,0.848327424757568,10.225382672515071,1.5650253783274821,23.977330780720468,18.66262456594279,0.0,0.0,0.0,0.0,0.0,0.0,0.0,0.0,0.0,0.0,0.0,0.0,0.0,0.0,0.0,0.0,0.0,0.0,0.0,0.0,0.0,0.0,0.0,0.0
1975,614789,613933,0.9986076523815488,4.8404703599957966e-05,4.923031069592465e-05,4.757909650399128e-05,3.3845875779665824,10.413543967897848,3.0849018385206475,10.492753229690674,1.3924129127588645,10.33433470610502,1.5075397518287759,20.77563657579926,16.27387664973106,0.0,0.0,0.0,0.0,0.0,0.0,0.0,0.0,0.0,0.0,0.0,0.0,0.0,0.0,0.0,0.0,0.0,0.0,0.0,0.0,0.0,0.0,0.0,0.0
1976,604979,604024,0.9984214328100645,5.1904528138746464e-05,5.27424586969083e-05,5.106659758058463e-05,0.16517777502695274,10.709895242071559,0.05033231680622211,10.760475748667366,-0.1573224562730086,10.659314735475752,1.418242219625157,19.620691035796217,15.841041206769683,0.0,0.0,0.0,0.0,0.0,0.0,0.0,0.0,0.0,0.0,0.0,0.0,0.0,0.0,0.0,0.0,0.0,0.0,0.0,0.0,0.0,0.0,0.0,0.0
1977,612367,611462,0.9985221280702585,4.9942283843862345e-05,5.077063168124063e-05,4.911393600648406e-05,0.2618814494577556,10.22523538387946,0.23684473971424574,10.259735182681863,0.11174284245438801,10.190735585077055,1.5515561325739302,19.762534888907734,15.280484016123895,0.0,0.0,0.0,0.0,0.0,0.0,0.0,0.0,0.0,0.0,0.0,0.0,0.0,0.0,0.0,0.0,0.0,0.0,0.0,0.0,0.0,0.0,0.0,0.0
1978,626907,625955,0.9984814334502565,5.0013020111039364e-05,5.0821758757146895e-05,4.920428146493183e-05,1.0392315544359731,10.471503474444035,1.0205201831815511,10.540804852223161,0.19631805687328485,10.402202096664908,1.4852663385960745,16.628909033330693,13.014237458105718,0.0,0.0,0.0,0.0,0.0,0.0,0.0,0.0,0.0,0.0,0.0,0.0,0.0,0.0,0.0,0.0,0.0,0.0,0.0,0.0,0.0,0.0,0.0,0.0
1979,653172,652061,0.9982990697702903,5.178902818403497e-05,5.2564041863711886e-05,5.101401450435805e-05,0.7447404576411188,10.649441181919869,-0.6006335606532114,10.694416500665138,0.44031542678464963,10.6044658631746,1.4246741824152516,15.98933070746917,12.792636154861649,0.0,0.0,0.0,0.0,0.0,0.0,0.0,0.0,0.0,0.0,0.0,0.0,0.0,0.0,0.0,0.0,0.0,0.0,0.0,0.0,0.0,0.0,0.0,0.0
1980,634571,633043,0.9975920740153584,6.235660397579945e-05,6.315146930968574e-05,6.156173864191317e-05,0.8587622470169479,10.847454072542467,0.8006500253497273,10.902228777313514,0.3105352376286441,10.79267936777142,1.3834638682180105,15.280965547013116,12.415585728185942,0.0,0.0,0.0,0.0,0.0,0.0,0.0,0.0,0.0,0.0,0.0,0.0,0.0,0.0,0.0,0.0,0.0,0.0,0.0,0.0,0.0,0.0,0.0,0.0
1982,626573,625558,0.9983800770221507,5.164004467844707e-05,5.2448642877789275e-05,5.083144647910487e-05,0.6974864444236675,10.532447749623964,-0.03499687569447499,10.616981051130605,0.6966078946196312,10.447914448117324,1.4573370412409352,13.139985205833465,10.31943816846415,0.0,0.0,0.0,0.0,0.0,0.0,0.0,0.0,0.0,0.0,0.0,0.0,0.0,0.0,0.0,0.0,0.0,0.0,0.0,0.0,0.0,0.0,0.0,0.0
1983,658526,657252,0.9980653763101229,5.4946612896733527e-05,5.571421333649962e-05,5.4179012456967435e-05,1.6361860027652442,10.784409497558054,1.6283332762407652,10.84314891158175,-0.1601105153696154,10.725670083534357,1.3884515058410738,12.405228693558145,10.007903869752557,0.0,0.0,0.0,0.0,0.0,0.0,0.0,0.0,0.0,0.0,0.0,0.0,0.0,0.0,0.0,0.0,0.0,0.0,0.0,0.0,0.0,0.0,0.0,0.0
1984,638535,637537,0.9984370473035934,5.025456827445485e-05,5.1048213170146184e-05,4.946092337876351e-05,0.5017374296746595,10.316722464015047,-0.3599574783561974,10.362420739628062,0.3495297728548765,10.271024188402032,1.511097441808361,12.901798994215254,9.93434966811263,0.0,0.0,0.0,0.0,0.0,0.0,0.0,0.0,0.0,0.0,0.0,0.0,0.0,0.0,0.0,0.0,0.0,0.0,0.0,0.0,0.0,0.0,0.0,0.0
1985,634958,632593,0.9962753441959941,7.728609203289105e-05,7.807640860080234e-05,7.649577546497976e-05,0.7863218229847426,11.071437780053396,0.7116555906805425,11.129295505562208,-0.33443733277727394,11.013580054544583,1.3145488338924283,12.343385772825044,10.247803408942652,0.0,0.0,0.0,0.0,0.0,0.0,0.0,0.0,0.0,0.0,0.0,0.0,0.0,0.0,0.0,0.0,0.0,0.0,0.0,0.0,0.0,0.0,0.0,0.0
1986,642219,639787,0.9962131297890595,7.747368104521479e-05,7.825485389523212e-05,7.669250819519746e-05,0.9766963583797255,11.06199522567112,0.0957209748610567,11.094733670672722,-0.971994481179737,11.029256780669519,1.3142583040542224,12.346686897707306,10.251023842860578,0.0,0.0,0.0,0.0,0.0,0.0,0.0,0.0,0.0,0.0,0.0,0.0,0.0,0.0,0.0,0.0,0.0,0.0,0.0,0.0,0.0,0.0,0.0,0.0
1987,639723,630010,0.9848168660498372,0.00015376499827185475,0.00015452737859544818,0.0001530026179482613,1.0770033600050575,11.3806396296715,1.0008703446270355,11.413669569531871,-0.39773708741874003,11.347609689811126,1.2161255187946616,7.398192033326045,6.405286547114203,0.0,0.0,0.0,0.0,0.0,0.0,0.0,0.0,0.0,0.0,0.0,0.0,0.0,0.0,0.0,0.0,0.0,0.0,0.0,0.0,0.0,0.0,0.0,0.0
1990,637079,636121,0.9984962618450773,4.9367190840976516e-05,5.016300035665111e-05,4.857138132530192e-05,0.8984141147058036,10.263735719063092,-0.8808958910151525,10.31580669703047,-0.17655126931073972,10.211664741095714,1.5383778245290682,16.59224824531089,12.77441929710041,0.0,0.0,0.0,0.0,0.0,0.0,0.0,0.0,0.0,0.0,0.0,0.0,0.0,0.0,0.0,0.0,0.0,0.0,0.0,0.0,0.0,0.0,0.0,0.0
1991,492516,488287,0.9914134769225771,0.0001325717389851211,0.00013357806616276502,0.00013156541180747716,4.174419784716135,10.942863309228702,-4.17213659601507,11.034186844003353,-0.13804623580990674,10.851539774454052,1.3849809172731482,19.00648485495508,15.683244582485404,0.0,0.0,0.0,0.0,0.0,0.0,0.0,0.0,0.0,0.0,0.0,0.0,0.0,0.0,0.0,0.0,0.0,0.0,0.0,0.0,0.0,0.0,0.0,0.0
1992,651244,601941,0.9242941201761552,0.0003287700873064181,0.000329423684783281,0.0003281164898295552,1.752890969947748,11.042135120071446,-1.706788011389465,11.081732087626248,-0.3993763096398584,11.002538152516646,1.3415410117812108,17.570524189425075,14.684185693552177,0.0,0.0,0.0,0.0,0.0,0.0,0.0,0.0,0.0,0.0,0.0,0.0,0.0,0.0,0.0,0.0,0.0,0.0,0.0,0.0,0.0,0.0,0.0,0.0
1993,649617,636725,0.9801544602434973,0.00017392306908398103,0.00017466612639771562,0.00017318001177024644,0.914174975182134,11.26018392809658,-0.7884159625154324,11.313721281777921,0.4627268690060254,11.20664657441524,1.2746842596454144,15.313599419665357,13.041427634090313,0.0,0.0,0.0,0.0,0.0,0.0,0.0,0.0,0.0,0.0,0.0,0.0,0.0,0.0,0.0,0.0,0.0,0.0,0.0,0.0,0.0,0.0,0.0,0.0
1995,645804,641047,0.9926339880211333,0.00010724886634916331,0.00010801789760428449,0.00010647983509404213,0.9547645497929657,11.056845675582382,-0.6151152938028995,11.091215355561987,0.7302112850888686,11.022475995602777,1.3428750161201786,17.6646783425148,14.751828922874989,0.0,0.0,0.0,0.0,0.0,0.0,0.0,0.0,0.0,0.0,0.0,0.0,0.0,0.0,0.0,0.0,0.0,0.0,0.0,0.0,0.0,0.0,0.0,0.0
1997,599017,598115,0.9984941996637825,5.0971328255655646e-05,5.1818112877022315e-05,5.0124543634288976e-05,1.2893771699557093,10.402596689265934,-1.1909025937374844,10.446670285401382,0.4942109859486394,10.358523093130488,1.5324692786082654,30.783507863688616,24.429749113890924,0.0,0.0,0.0,0.0,0.0,0.0,0.0,0.0,0.0,0.0,0.0,0.0,0.0,0.0,0.0,0.0,0.0,0.0,0.0,0.0,0.0,0.0,0.0,0.0
1998,659013,657904,0.9983171803894612,5.1284935269013676e-05,5.205311787359612e-05,5.051675266443123e-05,3.9892293165418176,10.438237953131445,-3.908093795455913,10.540920711229894,0.8004707526672615,10.335555195032997,1.5408469947566683,36.21821649018919,28.968158293901773,0.0,0.0,0.0,0.0,0.0,0.0,0.0,0.0,0.0,0.0,0.0,0.0,0.0,0.0,0.0,0.0,0.0,0.0,0.0,0.0,0.0,0.0,0.0,0.0
1999,662615,661535,0.998370094247791,5.03461793379123e-05,5.111041797900562e-05,4.958194069681898e-05,4.382724313676903,10.48425392744932,-4.360982666124258,10.584655198908914,0.4360075635335217,10.383852655989728,1.546218072452856,41.67984782505562,33.62740439929915,0.0,0.0,0.0,0.0,0.0,0.0,0.0,0.0,0.0,0.0,0.0,0.0,0.0,0.0,0.0,0.0,0.0,0.0,0.0,0.0,0.0,0.0,0.0,0.0
2000,664188,663083,0.9983363144170024,5.079535186874873e-05,5.155759880826061e-05,5.003310492923685e-05,2.2278782499294585,10.496312016356274,-1.9610982345807666,10.523671719951023,1.0571353796146203,10.468952312761523,1.5486291932743927,46.19131822942025,37.54959235096812,0.0,0.0,0.0,0.0,0.0,0.0,0.0,0.0,0.0,0.0,0.0,0.0,0.0,0.0,0.0,0.0,0.0,0.0,0.0,0.0,0.0,0.0,0.0,0.0
2001,4570687,4560340,0.9977362265234964,2.2353536491659387e-05,2.2463063549582607e-05,2.2244009433736167e-05,4.398184003180612,10.502872228778035,4.07944883023983,10.646913725687263,1.6438125706079485,10.358830731868807,1.5369415973837397,21.542949877242677,16.611294068574956,0.0,0.0,0.0,0.0,0.0,0.0,0.0,0.0,0.0,0.0,0.0,0.0,0.0,0.0,0.0,0.0,0.0,0.0,0.0,0.0,0.0,0.0,0.0,0.0
2002,3044297,3037647,0.9978155876381313,2.693945460491287e-05,2.7104123258125945e-05,2.6774785951699798e-05,8.29624018587534,10.907571252337718,7.2616223438913545,10.737109777476189,-4.012037157907528,11.078032727199247,1.4629765203636558,21.452302911906813,16.957009275190572,0.0,0.0,0.0,0.0,0.0,0.0,0.0,0.0,0.0,0.0,0.0,0.0,0.0,0.0,0.0,0.0,0.0,0.0,0.0,0.0,0.0,0.0,0.0,0.0
2003,2596079,2590312,0.9977785729941192,2.943135912847339e-05,2.9624530851424247e-05,2.923818740552253e-05,0.38728992642160137,10.768814396679552,0.24397053826127602,10.822586688434198,0.30078541116243096,10.715042104924906,1.4487546398101516,21.329463191755156,16.93928276886324,0.0,0.0,0.0,0.0,0.0,0.0,0.0,0.0,0.0,0.0,0.0,0.0,0.0,0.0,0.0,0.0,0.0,0.0,0.0,0.0,0.0,0.0,0.0,0.0
2004,2684632,2678689,0.9977862887725394,2.8888861945797206e-05,2.9075646510667852e-05,2.870207738092656e-05,0.23987045553526443,10.797239004012553,-0.2395718199011549,10.836208751094258,-0.011965723878807536,10.75826925693085,1.4441449646991666,21.337775052884894,16.9703332381957,0.0,0.0,0.0,0.0,0.0,0.0,0.0,0.0,0.0,0.0,0.0,0.0,0.0,0.0,0.0,0.0,0.0,0.0,0.0,0.0,0.0,0.0,0.0,0.0
2005,2826224,2819742,0.997706480448825,2.8649929185942113e-05,2.8827278884979712e-05,2.8472579486904515e-05,7.857900182308281,10.996375573718254,7.282746415322397,10.7858672123073,-2.950965930882513,11.206883935129209,1.43897242284056,21.344283071317584,17.0013130155458,0.0,0.0,0.0,0.0,0.0,0.0,0.0,0.0,0.0,0.0,0.0,0.0,0.0,0.0,0.0,0.0,0.0,0.0,0.0,0.0,0.0,0.0,0.0,0.0
2006,2943114,2936982,0.99791649253138,2.676645212429385e-05,2.693685944465951e-05,2.6596044803928187e-05,0.22329119719224302,10.82706851802868,0.14236837983167774,10.859130648234634,-0.17201803151893205,10.795006387822726,1.4451884561224044,18.623698158703466,14.779014593362252,0.0,0.0,0.0,0.0,0.0,0.0,0.0,0.0,0.0,0.0,0.0,0.0,0.0,0.0,0.0,0.0,0.0,0.0,0.0,0.0,0.0,0.0,0.0,0.0
2007,3020888,3014580,0.9979118722706701,2.64464967326683e-05,2.6612500546141504e-05,2.6280492919195098e-05,0.6038471617002653,11.007178901504492,-0.230796255886594,11.045464009631207,0.5580004327616567,10.968893793377777,1.4065869773217428,18.55582235038228,14.958382583976007,0.0,0.0,0.0,0.0,0.0,0.0,0.0,0.0,0.0,0.0,0.0,0.0,0.0,0.0,0.0,0.0,0.0,0.0,0.0,0.0,0.0,0.0,0.0,0.0
2008,2932117,2925585,0.9977722580647361,2.7721792993484762e-05,2.7892756263803165e-05,2.755082972316636e-05,0.23969878300371872,10.829143869258612,0.19446169888383777,10.866553351681,0.14014333462807085,10.791734386836222,1.426194170545514,17.9823393490345,14.279182325425376,0.0,0.0,0.0,0.0,0.0,0.0,0.0,0.0,0.0,0.0,0.0,0.0,0.0,0.0,0.0,0.0,0.0,0.0,0.0,0.0,0.0,0.0,0.0,0.0
2009,2984141,2977691,0.9978385739815914,2.706894838810925e-05,2.723696009643284e-05,2.690093667978566e-05,0.155118576514853,10.901076372173787,-0.11117660383792168,10.94417075524489,0.10817363606286018,10.857981989102685,1.425060561007322,15.809044641636032,12.566676152642993,0.0,0.0,0.0,0.0,0.0,0.0,0.0,0.0,0.0,0.0,0.0,0.0,0.0,0.0,0.0,0.0,0.0,0.0,0.0,0.0,0.0,0.0,0.0,0.0
2010,3048993,3031765,0.9943496098547947,4.3118739482150836e-05,4.328163352795844e-05,4.295584543634323e-05,18.30123675919735,11.276499630499337,18.300222478074424,11.07849603774181,0.19267633268240417,11.474503223256866,1.3827717194235125,15.63602697781136,12.654431632302163,0.0,0.0,0.0,0.0,0.0,0.0,0.0,0.0,0.0,0.0,0.0,0.0,0.0,0.0,0.0,0.0,0.0,0.0,0.0,0.0,0.0,0.0,0.0,0.0
2011,2863728,2855649,0.997178852181492,3.153752458662229e-05,3.171225366827013e-05,3.136279550497445e-05,29.0234801149817,11.105765690435923,28.905871786798475,10.902922801509769,2.6101674716205814,11.308608579362078,1.396552927740934,14.68572939388468,11.703002368353848,0.0,0.0,0.0,0.0,0.0,0.0,0.0,0.0,0.0,0.0,0.0,0.0,0.0,0.0,0.0,0.0,0.0,0.0,0.0,0.0,0.0,0.0,0.0,0.0
2012,3108727,3101769,0.9977617848077364,2.6980716374747082e-05,2.714193274977461e-05,2.6819499999719554e-05,0.20466656185749185,11.04380555137386,-0.20060547375437365,11.101921934176408,0.040569020722095894,10.98568916857131,1.394808723413546,13.23796174080825,10.622061934779898,0.0,0.0,0.0,0.0,0.0,0.0,0.0,0.0,0.0,0.0,0.0,0.0,0.0,0.0,0.0,0.0,0.0,0.0,0.0,0.0,0.0,0.0,0.0,0.0
2013,2906129,2899619,0.9977599067350417,2.7922672920843716e-05,2.809516247104238e-05,2.7750183370645054e-05,0.8145240369826656,11.128661382324879,-0.7415940598407077,11.180395154462461,0.336879291781961,11.076927610187298,1.3753048966866366,13.04676908494551,10.545974787109152,0.0,0.0,0.0,0.0,0.0,0.0,0.0,0.0,0.0,0.0,0.0,0.0,0.0,0.0,0.0,0.0,0.0,0.0,0.0,0.0,0.0,0.0,0.0,0.0
2014,2697178,2691021,0.9977172437265913,2.92632842524565e-05,2.944915316926977e-05,2.907741533564323e-05,1.4143586348616985,11.024370211922168,1.3952099006773557,11.083807187890258,0.2319475825692752,10.964933235954078,1.3443853329866515,11.220415439059622,9.028375046719217,0.0,0.0,0.0,0.0,0.0,0.0,0.0,0.0,0.0,0.0,0.0,0.0,0.0,0.0,0.0,0.0,0.0,0.0,0.0,0.0,0.0,0.0,0.0,0.0
2015,3049358,3041239,0.9973374723466382,2.9692845866680084e-05,2.985698835444861e-05,2.9528703378911558e-05,0.6318025684556392,11.275028523926203,0.5769533771133244,11.337139031312587,0.2574864775957619,11.212918016539819,1.3368346180301096,10.430702742632006,8.536045588441208,0.0,0.0,0.0,0.0,0.0,0.0,0.0,0.0,0.0,0.0,0.0,0.0,0.0,0.0,0.0,0.0,0.0,0.0,0.0,0.0,0.0,0.0,0.0,0.0
2016,2835030,2825804,0.9967457134492403,3.402364033960881e-05,3.4199921913780074e-05,3.384735876543754e-05,0.5088416357232112,11.362406553050139,0.45528507055984646,11.428245243933455,-0.2272340528415334,11.296567862166821,1.3131039417582993,10.658664947500258,8.814374434727329,0.0,0.0,0.0,0.0,0.0,0.0,0.0,0.0,0.0,0.0,0.0,0.0,0.0,0.0,0.0,0.0,0.0,0.0,0.0,0.0,0.0,0.0,0.0,0.0
2017,3125137,3112015,0.9958011440778436,3.676146679804093e-05,3.6920946541618704e-05,3.660198705446316e-05,1.5526839780873658,11.447092859710219,1.5465523645782684,11.508972744421847,0.13785252782076235,11.385212974998591,1.2877492166237923,10.70259148551124,8.951156351029306,0.0,0.0,0.0,0.0,0.0,0.0,0.0,0.0,0.0,0.0,0.0,0.0,0.0,0.0,0.0,0.0,0.0,0.0,0.0,0.0,0.0,0.0,0.0,0.0
2018,2828146,2809309,0.9933394527722402,4.8575455097343845e-05,4.875068177356834e-05,4.840022842111935e-05,40.97987113700024,11.724073887945387,40.85259023258721,11.536570319895125,3.2273378647834687,11.911577455995648,1.2733773320947017,10.105801188124184,8.508440135731094,0.0,0.0,0.0,0.0,0.0,0.0,0.0,0.0,0.0,0.0,0.0,0.0,0.0,0.0,0.0,0.0,0.0,0.0,0.0,0.0,0.0,0.0,0.0,0.0
2020,2879434,2873366,0.9978926414010532,2.721584860615467e-05,2.7390022107054435e-05,2.7041675105254903e-05,4.255650469109794,10.840220235742308,-4.244359170175785,10.938890488096634,0.309800177177371,10.741549983387982,1.4434736478180858,24.74894967139695,19.79148075570122,0.0,0.0,0.0,0.0,0.0,0.0,0.0,0.0,0.0,0.0,0.0,0.0,0.0,0.0,0.0,0.0,0.0,0.0,0.0,0.0,0.0,0.0,0.0,0.0
2021,2683358,2677705,0.9978933112912999,2.8194705763595618e-05,2.838164965957013e-05,2.8007761867621106e-05,3.4994259590532364,10.779069214221055,-3.471124212921018,10.842773030356366,0.44416071569771653,10.715365398085744,1.4433237187553345,27.52511706884951,22.046274104767516,0.0,0.0,0.0,0.0,0.0,0.0,0.0,0.0,0.0,0.0,0.0,0.0,0.0,0.0,0.0,0.0,0.0,0.0,0.0,0.0,0.0,0.0,0.0,0.0
2022,2778233,2755563,0.9918401372383094,5.4187966965491e-05,5.436574273731676e-05,5.4010191193665236e-05,3.417675351764687,10.747344722040303,-3.4166129011089175,10.79966986302832,0.0852120533491851,10.695019581052286,1.413969919871365,28.06526016583464,22.560292977079715,0.0,0.0,0.0,0.0,0.0,0.0,0.0,0.0,0.0,0.0,0.0,0.0,0.0,0.0,0.0,0.0,0.0,0.0,0.0,0.0,0.0,0.0,0.0,0.0
2023,1668443,1664908,0.9978812581550583,3.5921120018156394e-05,3.622230102384716e-05,3.561993901246563e-05,2.071468244699253,10.723497457187296,-2.0578946656896915,10.769551832285437,-0.2367493056448482,10.677443082089153,1.353958642284116,24.736068721542132,19.99977642419491,0.0,0.0,0.0,0.0,0.0,0.0,0.0,0.0,0.0,0.0,0.0,0.0,0.0,0.0,0.0,0.0,0.0,0.0,0.0,0.0,0.0,0.0,0.0,0.0
2025,637664,634772,0.9954646961409144,8.498386752220366e-05,8.576878055843729e-05,8.419895448597003e-05,5.257414271699575,10.824355569084096,5.125070903273494,10.925935186157108,1.1722000941348616,10.722775952011084,1.432973527495145,20.76459380154162,16.903443629494276,0.0,0.0,0.0,0.0,0.0,0.0,0.0,0.0,0.0,0.0,0.0,0.0,0.0,0.0,0.0,0.0,0.0,0.0,0.0,0.0,0.0,0.0,0.0,0.0
2026,646253,425494,0.6584015857566619,0.0005910840598273848,0.0005913296986328476,0.000590838421021922,1.1982065725877202,11.021800564621568,0.9619622772195717,11.003129964195093,-0.7143721493724033,11.040471165048041,1.1253987225842987,8.809424010303518,7.8159504068035295,0.0,0.0,0.0,0.0,0.0,0.0,0.0,0.0,0.0,0.0,0.0,0.0,0.0,0.0,0.0,0.0,0.0,0.0,0.0,0.0,0.0,0.0,0.0,0.0
2027,563952,545677,0.9675947598377167,0.00023683300354521153,0.00023766597197283357,0.0002360000351175895,0.9397546051525926,11.320343007311656,0.03742614630630733,11.347195639200853,-0.9390090529266286,11.293490375422461,1.2331941108010676,17.551433120703756,15.116888835197885,0.0,0.0,0.0,0.0,0.0,0.0,0.0,0.0,0.0,0.0,0.0,0.0,0.0,0.0,0.0,0.0,0.0,0.0,0.0,0.0,0.0,0.0,0.0,0.0
2028,1190623,1150790,0.9665444057438837,0.00016532631908844353,0.00016571950266519586,0.0001649331355116912,14.379052635993562,11.65704776910124,11.72940948670677,11.511733129294155,-8.317337783319047,11.802362408908323,1.2678307212229585,15.024551751563028,12.807720449377962,0.0,0.0,0.0,0.0,0.0,0.0,0.0,0.0,0.0,0.0,0.0,0.0,0.0,0.0,0.0,0.0,0.0,0.0,0.0,0.0,0.0,0.0,0.0,0.0
2029,81919,40173,0.49039905272281153,0.0017538305535137744,0.0017537128437310479,0.0017539482632965009,0.37718436985457626,11.301814712044973,0.37517236231434264,11.400895840330474,-0.03890690707405825,11.20273358375947,1.328853510036637,17.32631919338629,14.474652795388415,0.0,0.0,0.0,0.0,0.0,0.0,0.0,0.0,0.0,0.0,0.0,0.0,0.0,0.0,0.0,0.0,0.0,0.0,0.0,0.0,0.0,0.0,0.0,0.0
2049,2499432,2460860,0.9845676937800268,7.821843868704992e-05,7.841297354393983e-05,7.802390383016e-05,1.0090848881705283,11.312038472032068,-1.0074735282476177,11.397223141895918,-0.05700352107040563,11.226853802168218,1.3283557741381813,17.272140094495246,14.434581671340224,0.0,0.0,0.0,0.0,0.0,0.0,0.0,0.0,0.0,0.0,0.0,0.0,0.0,0.0,0.0,0.0,0.0,0.0,0.0,0.0,0.0,0.0,0.0,0.0
2050,953825,898533,0.9420312950488822,0.00023995173282986837,0.00024041657548445894,0.0002394868901752778,0.21360665535265255,11.054655341013545,0.03618027403523102,11.138765021052045,0.21052028638989279,10.970545660975045,1.3998080347959478,19.377519907904816,15.805301794586617,0.0,0.0,0.0,0.0,0.0,0.0,0.0,0.0,0.0,0.0,0.0,0.0,0.0,0.0,0.0,0.0,0.0,0.0,0.0,0.0,0.0,0.0,0.0,0.0
2051,2439443,2432954,0.9973399665415424,3.320420362934451e-05,3.3409520914462476e-05,3.299888634422654e-05,0.2868472708079808,10.800637660346055,-0.10300397281771453,10.894931220849202,0.26771540552189854,10.706344099842909,1.4658383847465188,20.9572208734979,16.702996726840144,0.0,0.0,0.0,0.0,0.0,0.0,0.0,0.0,0.0,0.0,0.0,0.0,0.0,0.0,0.0,0.0,0.0,0.0,0.0,0.0,0.0,0.0,0.0,0.0
2052,1050190,7984,0.007602433845304183,8.529021381894911e-05,8.481831129025872e-05,8.57621163476395e-05,19.75248127532043,11.540405936060719,13.879435027879067,11.056802079443592,-14.054244904610417,12.024009792677843,1.5135746184508518,21.889003594064395,17.110967850953745,0.0,0.0,0.0,0.0,0.0,0.0,0.0,0.0,0.0,0.0,0.0,0.0,0.0,0.0,0.0,0.0,0.0,0.0,0.0,0.0,0.0,0.0,0.0,0.0
2053,2165571,2117175,0.9776520834458903,0.00010073960122042314,0.00010096086371946811,0.00010051833872137816,0.12852884180995378,11.491797327585571,0.10846656704652873,11.581065221803991,-0.06895409349813116,11.402529433367151,1.2665469232344166,14.983112779075952,12.779455527388956,0.0,0.0,0.0,0.0,0.0,0.0,0.0,0.0,0.0,0.0,0.0,0.0,0.0,0.0,0.0,0.0,0.0,0.0,0.0,0.0,0.0,0.0,0.0,0.0
2064,50407,50284,0.9975598627174798,0.00022995666420055905,0.0002402825512292095,0.0002196307771719086,0.36324137357345954,10.678058999948576,-0.33898876235099473,10.7436102589287,0.13050254585744442,10.612507740968454,1.3998191943916147,9.787532088731206,7.88639523082565,0.0,0.0,0.0,0.0,0.0,0.0,0.0,0.0,0.0,0.0,0.0,0.0,0.0,0.0,0.0,0.0,0.0,0.0,0.0,0.0,0.0,0.0,0.0,0.0
2065,433714,429552,0.9904038144952665,0.0001492819191989403,0.00015042240845053456,0.00014814142994734603,1.2504482096140987,11.211762620622618,0.7716750807243773,11.247481571479685,0.9839401885867507,11.176043669765551,1.2727863391594536,7.655326886985068,6.491113473565211,0.0,0.0,0.0,0.0,0.0,0.0,0.0,0.0,0.0,0.0,0.0,0.0,0.0,0.0,0.0,0.0,0.0,0.0,0.0,0.0,0.0,0.0,0.0,0.0
2066,433589,423643,0.9770612261842436,0.0002286568320922222,0.00022976361935744816,0.00022755004482699626,0.8306030681238061,11.395321631760702,-0.7477713707244755,11.426432474083892,0.361579083882792,11.36421078943751,1.210025917644029,6.277134833068297,5.464606472870277,0.0,0.0,0.0,0.0,0.0,0.0,0.0,0.0,0.0,0.0,0.0,0.0,0.0,0.0,0.0,0.0,0.0,0.0,0.0,0.0,0.0,0.0,0.0,0.0
2067,433547,423648,0.9771674120683571,0.00022815310124152388,0.00022926025518998916,0.0002270459472930586,0.49774753655533865,11.398658272653044,-0.4541569597484993,11.429637412499021,0.20370092306837534,11.367679132807066,1.2094911940379398,6.276249927141056,5.465827365717131,0.0,0.0,0.0,0.0,0.0,0.0,0.0,0.0,0.0,0.0,0.0,0.0,0.0,0.0,0.0,0.0,0.0,0.0,0.0,0.0,0.0,0.0,0.0,0.0
2068,320180,319233,0.9970422887125991,9.760190021013138e-05,9.918090829585946e-05,9.602289212440329e-05,1.0035293905413702,11.220056460543283,-0.9555020462520422,11.285488846576499,0.3067361688625821,11.154624074510068,1.3213456109963693,10.23401622994612,8.52221770548758,0.0,0.0,0.0,0.0,0.0,0.0,0.0,0.0,0.0,0.0,0.0,0.0,0.0,0.0,0.0,0.0,0.0,0.0,0.0,0.0,0.0,0.0,0.0,0.0
2070,736382,697001,0.946520963304372,0.0002630310418864079,0.0002636395031945238,0.00026242258057829204,0.8209155555670156,11.32856212907054,0.4192414314404137,11.382034807749097,0.7057896085489603,11.275089450391986,1.1800707744075827,5.119599220075799,4.5295557071455255,0.0,0.0,0.0,0.0,0.0,0.0,0.0,0.0,0.0,0.0,0.0,0.0,0.0,0.0,0.0,0.0,0.0,0.0,0.0,0.0,0.0,0.0,0.0,0.0
2071,686775,622222,0.9060056059116887,0.00035308911292719625,0.0003536820189194989,0.0003524962069348936,0.19123213717450108,11.326234041148764,-0.190674387510556,11.375128178906126,-0.014594801670510145,11.277339903391402,1.1402286321706543,4.529397049692884,4.077839157815376,0.0,0.0,0.0,0.0,0.0,0.0,0.0,0.0,0.0,0.0,0.0,0.0,0.0,0.0,0.0,0.0,0.0,0.0,0.0,0.0,0.0,0.0,0.0,0.0
2072,734969,638634,0.8689264445167075,0.000394586783655837,0.0003950900427230897,0.0003940835245885843,0.8800565132522647,11.26026258519665,-0.8789742004305146,11.304321726915266,-0.04363280297289273,11.216203443478033,1.1187424110225568,3.845857798624271,3.497558217085639,0.0,0.0,0.0,0.0,0.0,0.0,0.0,0.0,0.0,0.0,0.0,0.0,0.0,0.0,0.0,0.0,0.0,0.0,0.0,0.0,0.0,0.0,0.0,0.0
2081,3093989,3044274,0.9839317463636749,7.169135604750965e-05,7.184825407091644e-05,7.153445802410285e-05,0.70387312857676,11.709578110545696,0.27653248691098997,11.800565214906285,0.6472767297031922,11.618591006185104,1.1944467083709274,5.712869550710299,5.015431235654366,0.0,0.0,0.0,0.0,0.0,0.0,0.0,0.0,0.0,0.0,0.0,0.0,0.0,0.0,0.0,0.0,0.0,0.0,0.0,0.0,0.0,0.0,0.0,0.0
2082,2996266,2906358,0.9699933183502399,9.879076284180499e-05,9.894802254861723e-05,9.863350313499275e-05,0.17872467577072673,11.772118587151514,-0.17482091843821707,11.86144145201399,-0.03715045364150561,11.68279572228904,1.1624935935178358,5.4447594893658335,4.843537157519405,0.0,0.0,0.0,0.0,0.0,0.0,0.0,0.0,0.0,0.0,0.0,0.0,0.0,0.0,0.0,0.0,0.0,0.0,0.0,0.0,0.0,0.0,0.0,0.0
2084,3187254,3091110,0.9698348484306554,9.602455957519185e-05,9.617233782865942e-05,9.587678132172428e-05,0.7463713562181244,11.756555761946995,0.15535326336820526,11.843899176290064,0.7300243591440847,11.669212347603928,1.162498802570363,5.443736941617972,4.8427307842872755,0.0,0.0,0.0,0.0,0.0,0.0,0.0,0.0,0.0,0.0,0.0,0.0,0.0,0.0,0.0,0.0,0.0,0.0,0.0,0.0,0.0,0.0,0.0,0.0
2088,2029975,2023920,0.9970172046453774,3.854660904684115e-05,3.879323481015273e-05,3.829998328352957e-05,1.7689030437099713,11.277520883612539,1.476723775220014,11.342582157268629,0.9738094627525196,11.212459609956449,1.3103377119922708,9.571735095260976,7.9997408968748775,0.0,0.0,0.0,0.0,0.0,0.0,0.0,0.0,0.0,0.0,0.0,0.0,0.0,0.0,0.0,0.0,0.0,0.0,0.0,0.0,0.0,0.0,0.0,0.0
2089,447580,444282,0.9926314848742124,0.00012903685970422352,0.000130148085255688,0.00012792563415275904,1.553918721596642,10.859016611141275,0.8120334121025308,10.917393096751773,1.3248641934015968,10.800640125530776,1.3521694887815634,10.443515624096609,8.626022398328702,0.0,0.0,0.0,0.0,0.0,0.0,0.0,0.0,0.0,0.0,0.0,0.0,0.0,0.0,0.0,0.0,0.0,0.0,0.0,0.0,0.0,0.0,0.0,0.0
2093,399867,394731,0.9871557292799856,0.00017943685910248863,0.00018066475822764438,0.00017820895997733288,0.4343218968986928,11.0126023088423,0.2416414302135971,11.066612056948253,0.36089462358146324,10.958592560736346,1.2980141329931565,8.116469842596388,6.831387349878007,0.0,0.0,0.0,0.0,0.0,0.0,0.0,0.0,0.0,0.0,0.0,0.0,0.0,0.0,0.0,0.0,0.0,0.0,0.0,0.0,0.0,0.0,0.0,0.0
2094,1910976,1903503,0.9960894328343213,4.543941237900029e-05,4.5700740475052015e-05,4.517808428294856e-05,0.425089475628794,11.375353048157837,0.38307102594245535,11.444702080548625,0.18427601952982853,11.306004015767051,1.2735686808301228,7.4174281862392455,6.270468549993384,0.0,0.0,0.0,0.0,0.0,0.0,0.0,0.0,0.0,0.0,0.0,0.0,0.0,0.0,0.0,0.0,0.0,0.0,0.0,0.0,0.0,0.0,0.0,0.0
2100,2476839,2466745,0.9959246442744158,4.070879022732843e-05,4.091018574869931e-05,4.0507394705957545e-05,0.28113487376066404,11.524261914617444,0.01403774554428385,11.586872143888845,-0.2807841857093423,11.461651685346041,1.2290520683356359,7.442134459848372,6.352919287427946,0.0,0.0,0.0,0.0,0.0,0.0,0.0,0.0,0.0,0.0,0.0,0.0,0.0,0.0,0.0,0.0,0.0,0.0,0.0,0.0,0.0,0.0,0.0,0.0
2112,2303001,2295725,0.9968406440118784,3.722109966608489e-05,3.743828826263673e-05,3.7003911069533046e-05,0.5207607002549325,11.456570197595758,0.07554763722703774,11.507354259563895,-0.5152516486527914,11.40578613562762,1.2491234332498937,7.3600846745407065,6.198934564743943,0.0,0.0,0.0,0.0,0.0,0.0,0.0,0.0,0.0,0.0,0.0,0.0,0.0,0.0,0.0,0.0,0.0,0.0,0.0,0.0,0.0,0.0,0.0,0.0
2116,2233282,2227670,0.997487106420058,3.374773414926979e-05,3.397217553180454e-05,3.352329276673505e-05,0.26509743584992024,11.386040502677961,0.06981743693350938,11.434833640055125,-0.25573849142090055,11.337247365300797,1.267411187508463,7.347188442191581,6.110115589938164,0.0,0.0,0.0,0.0,0.0,0.0,0.0,0.0,0.0,0.0,0.0,0.0,0.0,0.0,0.0,0.0,0.0,0.0,0.0,0.0,0.0,0.0,0.0,0.0
2121,2217405,2012891,0.9077687657419371,0.0001946642304984647,0.00019484849607065424,0.00019447996492627517,0.6842602736491042,11.382878348933499,-0.2524235979058955,11.462674845676077,-0.6359987809065281,11.30308185219092,1.1775046442268617,7.065923267046126,6.245713701424054,0.0,0.0,0.0,0.0,0.0,0.0,0.0,0.0,0.0,0.0,0.0,0.0,0.0,0.0,0.0,0.0,0.0,0.0,0.0,0.0,0.0,0.0,0.0,0.0
2130,910890,895789,0.9834217084389992,0.0001344202216593815,0.0001349535685674086,0.0001338868747513544,0.14070279162147145,11.25877513977185,0.016665479558756503,11.35427762226547,-0.13971233789881224,11.163272657278226,1.285323171376043,7.595341939310338,6.2928071062376745,0.0,0.0,0.0,0.0,0.0,0.0,0.0,0.0,0.0,0.0,0.0,0.0,0.0,0.0,0.0,0.0,0.0,0.0,0.0,0.0,0.0,0.0,0.0,0.0
2135,851323,848339,0.9964948674005049,6.468362313799547e-05,6.52726795447034e-05,6.409456673128755e-05,0.5177958548831759,11.215868517681205,0.4720074784058797,11.297922723082214,-0.21288843947739858,11.133814312280194,1.30013671410761,7.615300420642121,6.222849293467175,0.0,0.0,0.0,0.0,0.0,0.0,0.0,0.0,0.0,0.0,0.0,0.0,0.0,0.0,0.0,0.0,0.0,0.0,0.0,0.0,0.0,0.0,0.0,0.0
2136,880429,877230,0.9963665440370547,6.473493593867063e-05,6.530419487116301e-05,6.416567700617826e-05,0.2511545433452302,11.232823622484023,-0.06828061919003098,11.319981721873642,-0.2416947696702953,11.145665523094403,1.2981313201394753,7.601806061041492,6.220471305812515,0.0,0.0,0.0,0.0,0.0,0.0,0.0,0.0,0.0,0.0,0.0,0.0,0.0,0.0,0.0,0.0,0.0,0.0,0.0,0.0,0.0,0.0,0.0,0.0
2137,952097,949621,0.997399424638456,5.275534677579019e-05,5.328348145527961e-05,5.222721209630077e-05,1.1013440154825698,11.32938619430767,0.56168018305573,11.414774522186686,-0.9473510502457642,11.243997866428652,1.2797935290729952,7.46533394901914,6.162544295653708,0.0,0.0,0.0,0.0,0.0,0.0,0.0,0.0,0.0,0.0,0.0,0.0,0.0,0.0,0.0,0.0,0.0,0.0,0.0,0.0,0.0,0.0,0.0,0.0
2139,994912,992427,0.997502291659966,5.0578411434354376e-05,5.108391353025876e-05,5.007290933844999e-05,0.4346985329174813,11.382151054576152,0.38096349376616373,11.478487751912816,-0.2093552744453521,11.285814357239488,1.2646299193364874,7.353966322225347,6.122039588849005,0.0,0.0,0.0,0.0,0.0,0.0,0.0,0.0,0.0,0.0,0.0,0.0,0.0,0.0,0.0,0.0,0.0,0.0,0.0,0.0,0.0,0.0,0.0,0.0
2140,1026925,1024276,0.9974204542688122,5.0574855288920695e-05,5.106436543533821e-05,5.008534514250318e-05,0.554662218374358,11.395990812723525,0.2767925085957979,11.481953252967827,-0.4806621304796221,11.310028372479225,1.2586567750712645,7.307294220438419,6.1053309289229425,0.0,0.0,0.0,0.0,0.0,0.0,0.0,0.0,0.0,0.0,0.0,0.0,0.0,0.0,0.0,0.0,0.0,0.0,0.0,0.0,0.0,0.0,0.0,0.0
2145,1005518,1002995,0.9974908455144512,5.0422007304151695e-05,5.0922128377650644e-05,4.9921886230652746e-05,22.174518591030708,11.388034155899806,14.941355420552608,11.462841629963362,-16.384906863961408,11.313226681836252,1.2584184180669635,7.297011763798105,6.098734129671026,0.0,0.0,0.0,0.0,0.0,0.0,0.0,0.0,0.0,0.0,0.0,0.0,0.0,0.0,0.0,0.0,0.0,0.0,0.0,0.0,0.0,0.0,0.0,0.0
2147,927676,925159,0.9972867682251131,5.458304474914577e-05,5.51249158752265e-05,5.404117362306504e-05,0.42761852521550353,11.394644943750084,0.11772487541160905,11.460291377819267,-0.4110942189046245,11.328998509680899,1.2614674697869022,7.3093355589354445,6.098697912948941,0.0,0.0,0.0,0.0,0.0,0.0,0.0,0.0,0.0,0.0,0.0,0.0,0.0,0.0,0.0,0.0,0.0,0.0,0.0,0.0,0.0,0.0,0.0,0.0
2149,825276,823322,0.9976323072523616,5.414175635548579e-05,5.4752098271326766e-05,5.353141443964482e-05,0.1409497774179939,11.371266110661253,0.11804649550484883,11.43030407456799,-0.07701859939784497,11.312228146754514,1.265153599959179,7.332422375818153,6.105377464861298,0.0,0.0,0.0,0.0,0.0,0.0,0.0,0.0,0.0,0.0,0.0,0.0,0.0,0.0,0.0,0.0,0.0,0.0,0.0,0.0,0.0,0.0,0.0,0.0
2151,786894,785335,0.9980187928742627,5.079773193017445e-05,5.143919818972886e-05,5.015626567062004e-05,0.8645654222745561,11.328946309557317,-0.86141458052142,11.401553442551686,-0.07374476156234844,11.256339176562948,1.279959464932939,8.24998381937833,6.816848933540445,0.0,0.0,0.0,0.0,0.0,0.0,0.0,0.0,0.0,0.0,0.0,0.0,0.0,0.0,0.0,0.0,0.0,0.0,0.0,0.0,0.0,0.0,0.0,0.0
2152,829007,827345,0.9979951918379458,4.976422884356291e-05,5.037284015663168e-05,4.9155617530494133e-05,0.3124827999113729,11.279358566010712,-0.2548440726880934,11.312362529507938,0.1808314100376284,11.246354602513486,1.298691213418604,9.135892578355808,7.480399029071342,0.0,0.0,0.0,0.0,0.0,0.0,0.0,0.0,0.0,0.0,0.0,0.0,0.0,0.0,0.0,0.0,0.0,0.0,0.0,0.0,0.0,0.0,0.0,0.0
2153,835875,833255,0.9968655600418723,6.177961373393659e-05,6.238037035255495e-05,6.117885711531823e-05,42.16098160014723,11.233710626899123,-29.701437679715742,11.275096857947528,-29.92278344749892,11.192324395850719,1.3102602327824777,10.102949350294118,8.239710029387401,0.0,0.0,0.0,0.0,0.0,0.0,0.0,0.0,0.0,0.0,0.0,0.0,0.0,0.0,0.0,0.0,0.0,0.0,0.0,0.0,0.0,0.0,0.0,0.0
2154,826872,825197,0.9979742934819416,5.008457122696042e-05,5.0694699620823513e-05,4.947444283309732e-05,1.0719868331825966,11.22752724722698,-0.9614998452442536,11.267156742777074,-0.47399769842492745,11.18789775167689,1.3100688073225728,10.108149864717932,8.245557251503973,0.0,0.0,0.0,0.0,0.0,0.0,0.0,0.0,0.0,0.0,0.0,0.0,0.0,0.0,0.0,0.0,0.0,0.0,0.0,0.0,0.0,0.0,0.0,0.0
2156,825656,824165,0.9981941631866056,4.7362911195392154e-05,4.797464998307355e-05,4.675117240771076e-05,1.4624853022899251,11.1941281147135,-1.3799476072081815,11.237146809961793,-0.4843633561433689,11.151109419465206,1.319882816912476,11.077488421662665,9.01375943579241,0.0,0.0,0.0,0.0,0.0,0.0,0.0,0.0,0.0,0.0,0.0,0.0,0.0,0.0,0.0,0.0,0.0,0.0,0.0,0.0,0.0,0.0,0.0,0.0
2157,883634,881960,0.998105550488098,4.685651311131522e-05,4.7427600825433736e-05,4.628542539719671e-05,1.273860355653504,11.202754960862158,-1.2706615662889036,11.248679933335689,0.09021856605988496,11.15682998838863,1.3188926507092829,11.075267002762022,9.019092276585583,0.0,0.0,0.0,0.0,0.0,0.0,0.0,0.0,0.0,0.0,0.0,0.0,0.0,0.0,0.0,0.0,0.0,0.0,0.0,0.0,0.0,0.0,0.0,0.0
2159,830830,828271,0.9969199475223571,6.143568816951994e-05,6.20402281712451e-05,6.083114816779478e-05,4.395094130438587,11.511058957583558,3.60079015318494,11.589035575618219,2.52015132246897,11.433082339548898,1.2490421746451204,6.53328516486043,5.492873789143407,0.0,0.0,0.0,0.0,0.0,0.0,0.0,0.0,0.0,0.0,0.0,0.0,0.0,0.0,0.0,0.0,0.0,0.0,0.0,0.0,0.0,0.0,0.0,0.0
2161,829113,826619,0.9969919661131836,6.078595259811914e-05,6.139190907472614e-05,6.017999612151215e-05,1.936874028657617,11.479119643465014,1.842167143110048,11.536546374651266,0.5982484598677642,11.421692912278761,1.2482369306060894,6.5167674152424535,5.482109119703643,0.0,0.0,0.0,0.0,0.0,0.0,0.0,0.0,0.0,0.0,0.0,0.0,0.0,0.0,0.0,0.0,0.0,0.0,0.0,0.0,0.0,0.0,0.0,0.0
2162,839801,836107,0.9956013388886177,7.285619421143474e-05,7.345171126915684e-05,7.226067715371265e-05,0.9136882038400843,11.542823924360695,0.8882596313968723,11.59793960011133,0.2140583123058111,11.48770824861006,1.228153044889682,6.4901446186800325,5.536307210892858,0.0,0.0,0.0,0.0,0.0,0.0,0.0,0.0,0.0,0.0,0.0,0.0,0.0,0.0,0.0,0.0,0.0,0.0,0.0,0.0,0.0,0.0,0.0,0.0
2165,919370,915433,0.9957177197428674,6.869104626766598e-05,6.923501087929829e-05,6.814708165603367e-05,0.5027898888611956,11.52810253019969,0.4997267413639003,11.59924042402123,-0.055415307513997564,11.456964636378148,1.2268872241342568,6.482504638668503,5.534240994256951,0.0,0.0,0.0,0.0,0.0,0.0,0.0,0.0,0.0,0.0,0.0,0.0,0.0,0.0,0.0,0.0,0.0,0.0,0.0,0.0,0.0,0.0,0.0,0.0
2166,854558,849003,0.9934995635170463,8.757505433731883e-05,8.815693001640312e-05,8.699317865823453e-05,0.3511083117776529,11.623662884962211,0.03522450740172306,11.692163421024837,-0.3493369157098337,11.555162348899588,1.2063934599689703,6.528429483020556,5.649440534986815,0.0,0.0,0.0,0.0,0.0,0.0,0.0,0.0,0.0,0.0,0.0,0.0,0.0,0.0,0.0,0.0,0.0,0.0,0.0,0.0,0.0,0.0,0.0,0.0
2167,851946,846291,0.9933622553542126,8.861933048021076e-05,8.920279334623249e-05,8.803586761418902e-05,0.2268095577491457,11.608807650834997,0.21961763328397338,11.669105129162451,-0.0566627799980662,11.548510172507545,1.2060725116703648,6.526241761991349,5.648975160593063,0.0,0.0,0.0,0.0,0.0,0.0,0.0,0.0,0.0,0.0,0.0,0.0,0.0,0.0,0.0,0.0,0.0,0.0,0.0,0.0,0.0,0.0,0.0,0.0
2172,823010,673170,0.8179365985832493,0.00042625209673813336,0.0004266392888175874,0.0004258649046586793,0.353111502490277,11.24774735575776,0.008086858209283343,11.289671056097681,-0.3530188888929937,11.205823655417838,1.125106492167356,6.489966964358538,5.908101203726139,0.0,0.0,0.0,0.0,0.0,0.0,0.0,0.0,0.0,0.0,0.0,0.0,0.0,0.0,0.0,0.0,0.0,0.0,0.0,0.0,0.0,0.0,0.0,0.0
2174,839688,632136,0.7528224769199988,0.0004716489818764602,0.0004719507115417132,0.0004713472522112072,0.1636725732326427,11.106517743426325,0.03395135546988154,11.134077447593208,0.16011251259771214,11.078958039259442,1.1073681711717416,6.375903019560676,5.860977717288093,0.0,0.0,0.0,0.0,0.0,0.0,0.0,0.0,0.0,0.0,0.0,0.0,0.0,0.0,0.0,0.0,0.0,0.0,0.0,0.0,0.0,0.0,0.0,0.0
2176,837346,563493,0.67295120535597,0.0005136049682253896,0.0005138119322442014,0.0005133980042065778,0.1500933113732218,10.930517840142587,0.11688260277542634,10.921707741548998,-0.09416187810053922,10.939327938736175,1.0934794596425808,6.274863615954964,5.808489352630164,0.0,0.0,0.0,0.0,0.0,0.0,0.0,0.0,0.0,0.0,0.0,0.0,0.0,0.0,0.0,0.0,0.0,0.0,0.0,0.0,0.0,0.0,0.0,0.0
2182,845810,836110,0.988531703337629,0.00011643963216256825,0.0001170206684989461,0.0001158585958261904,0.4136437859149642,11.69409070392885,0.39114286535843723,11.77778760859865,-0.1345676057052967,11.61039379925905,1.179215581961323,5.64235219210659,4.96605093278175,0.0,0.0,0.0,0.0,0.0,0.0,0.0,0.0,0.0,0.0,0.0,0.0,0.0,0.0,0.0,0.0,0.0,0.0,0.0,0.0,0.0,0.0,0.0,0.0
2187,868457,844402,0.9723014495824203,0.00017678738069099031,0.00017733346507953218,0.00017624129630244845,1.4218855450107912,11.753265971686982,1.3973788808292305,11.844896136272585,-0.2628512250743416,11.661635807101378,1.2106118198753968,4.8242027222406545,4.210402077493245,0.0,0.0,0.0,0.0,0.0,0.0,0.0,0.0,0.0,0.0,0.0,0.0,0.0,0.0,0.0,0.0,0.0,0.0,0.0,0.0,0.0,0.0,0.0,0.0
