Run number,chip_sn,start_column,stop_column,chip_config_file,frontend,Masked pixel in FE,Masked in row 99,IBIAS,ITHR,ICASN,IDB,ITUNE,ICOMP,IDEL,IRAM,VRESET,VCASP,VCASC,VCLIP,THR min pulse 19 TB,THR min lab pre TB,THR pulse 19 post TB,THR min post TB,THR max post TB,THR dispersion pulse19 post TB,NOISE pulse 19 post TB,THR_effective=THR_min +DeltaTHR/2,sigma_effective ~ sqrt(noise**2 + DeltaTHR/2**),THR_effective/sigma_effective,scan_noise_timeout [s],number hits,Fake hit rate post TB,File THR_scan pulse19,Calibration_TOT,run_configure_date,run_configure_time,elog_start,elog_stop,LogFile,Cu [°C],NTC [°C],LogFile.1,U_LV/V,U_PWELL/V,U_PSUBWELL/V,U_HV/V,I_LV/mA,I_PWELL/mA,I_PSUBWELL/mA,I_HV/uA,Comment
1661,W8R6,"224,00","448,00",/media/bellevtx01/tb2025d/desy-tb-2025/tuning/W8R6_DCC/W8R6_DCC_TNTC_25C/20250402_184845_threshold_scan_interpreted.h5,DCC,"1.866,00","156,0",100.0,64.0,10.0,100.0,250.0,80.0,88.0,50.0,143.0,93.0,205.0,255.0,,,"24,4","24,4","33,9","0,5","2,78","29,15","5,50","5,30",300,182837,"5,40E-03",20250905_183708,TRUE,2025-04-02,19:50:03,02.04.2025 19:52:49,02.04.2025 19:58:26,2025-04-02 18:31:37_usbtc08_log.csv,"23,49","24,22",2025-04-02 19:49:06_power_log.csv,"1,8","6,0","14,0","0,0","377,52","0,7","0,58","23,14",
1662,W8R6,"224,00","448,00",/media/bellevtx01/tb2025d/desy-tb-2025/tuning/W8R6_DCC/W8R6_DCC_TNTC_30C/20250402_204214_threshold_scan_interpreted.h5,DCC,"1.866,00","156,0",100.0,64.0,10.0,100.0,250.0,80.0,88.0,50.0,143.0,93.0,205.0,255.0,,,"27,6","27,6",38,"0,6","3,4","32,8","6,21","5,28",100,102023,"9,04E-03",20250701_083440,TRUE,2025-04-02,21:07:37,02.04.2025 21:08:13,02.04.2025 21:25:46,2025-04-02 18:31:37_usbtc08_log.csv,"30,5","29,46",2025-04-02 19:49:06_power_log.csv,"1,8","6,0","14,0","0,0","384,27","1,0","0,7","40,32",
1679,W8R6,"224,00","448,00",/media/bellevtx01/tb2025d/desy-tb-2025/tuning/W8R6_DCC/W8R6_DCC_TNTC_30C/20250402_204214_threshold_scan_interpreted.h5,DCC,"1.866,00","156,0",100.0,64.0,10.0,100.0,250.0,80.0,88.0,50.0,143.0,93.0,205.0,255.0,"27,4",,"27,6","27,6",38,"0,6","3,4","32,8","6,21","5,28",100,102023,"9,04E-03",20250701_083440,TRUE,2025-04-02,23:54:27,02.04.2025 23:55:04,02.04.2025 23:57:03,2025-04-02 23:04:39_usbtc08_log.csv,"30,49","29,32",2025-04-02 23:53:01_power_log.csv,"1,8","6,0","14,0","0,0","383,98","1,0","0,84","39,95",
1680,W8R6,"224,00","448,00",/media/bellevtx01/tb2025d/desy-tb-2025/tuning/W8R6_DCC/W8R6_DCC_TNTC_30C/20250402_204214_threshold_scan_interpreted.h5,DCC,"1.866,00","156,0",100.0,64.0,10.0,100.0,250.0,80.0,88.0,50.0,143.0,93.0,205.0,255.0,"27,4",,"27,6","27,6",38,"0,6","3,4","32,8","6,21","5,28",100,102023,"9,04E-03",20250701_083440,TRUE,2025-04-02,23:57:48,02.04.2025 23:58:18,03.04.2025 00:23:30,2025-04-02 23:04:39_usbtc08_log.csv,"30,5","29,36",2025-04-02 23:53:01_power_log.csv,"1,8","6,0","14,0","0,0","384,05","1,0","0,71","40,09",
1681,W8R6,"224,00","448,00",/media/bellevtx01/tb2025d/desy-tb-2025/tuning/W8R6_DCC/W8R6_DCC_TNTC_30C/20250402_204214_threshold_scan_interpreted.h5,DCC,"1.866,00","156,0",100.0,64.0,10.0,100.0,250.0,80.0,88.0,50.0,143.0,93.0,205.0,255.0,"27,4",,"27,6","27,6",38,"0,6","3,4","32,8","6,21","5,28",100,102023,"9,04E-03",20250701_083440,TRUE,2025-04-03,00:27:04,03.04.2025 00:27:30,03.04.2025 00:48:03,2025-04-02 23:04:39_usbtc08_log.csv,"30,5","29,36",2025-04-02 23:53:01_power_log.csv,"1,8","6,0","14,0","0,0","384,04","1,0","0,7","40,11",
1682,W8R6,"224,00","448,00",/media/bellevtx01/tb2025d/desy-tb-2025/tuning/W8R6_DCC/W8R6_DCC_TNTC_30C/20250403_010934_threshold_scan_interpreted.h5,DCC,"1.866,00","156,0",100.0,64.0,10.0,100.0,250.0,80.0,88.0,50.0,143.0,93.0,205.0,255.0,"26,4",,26,26,36,"0,6","2,85",31,"5,76","5,39",300,85153,"2,52E-03",20250904_160533,TRUE,2025-04-03,01:22:52,03.04.2025 01:23:36,03.04.2025 01:39:12,2025-04-02 23:04:39_usbtc08_log.csv,"30,5","29,29",2025-04-03 01:05:03_power_log.csv,"1,8","6,0","0,0","0,0","377,6","0,96","0,2","22,84",injection up to 140DAC during TB
1684,W8R6,"224,00","448,00",/media/bellevtx01/tb2025d/desy-tb-2025/tuning/W8R6_DCC/W8R6_DCC_TNTC_30C/20250403_014652_threshold_scan_interpreted.h5,DCC,"1.866,00","156,0",100.0,64.0,10.0,100.0,250.0,80.0,88.0,50.0,143.0,93.0,205.0,255.0,"26,5",,"26,2","26,2","36,2","0,6","2,88","31,2","5,77","5,41",300,108213,"3,20E-03",20250904_165459,TRUE,2025-04-03,02:02:12,03.04.2025 02:02:37,03.04.2025 02:17:54,2025-04-02 23:04:39_usbtc08_log.csv,"30,5","29,29",2025-04-03 02:01:36_power_log.csv,"1,8","6,0","1,0","0,0","378,52","0,99","0,3","24,65",injection up to 140DAC during TB
1685,W8R6,"224,00","448,00",/media/bellevtx01/tb2025d/desy-tb-2025/tuning/W8R6_DCC/W8R6_DCC_TNTC_30C/20250403_022843_threshold_scan_interpreted.h5,DCC,"1.866,00","156,0",100.0,64.0,10.0,100.0,250.0,80.0,88.0,50.0,143.0,93.0,205.0,255.0,"26,6",,"26,6","26,6",,"0,6","3,08","13,3","13,65","0,97",,,#DIV/0!,20250403_022843,TRUE,2025-04-03,02:36:17,03.04.2025 02:36:44,03.04.2025 02:51:55,2025-04-02 23:04:39_usbtc08_log.csv,"30,5","29,29",2025-04-03 02:18:52_power_log.csv,"1,8","6,0","2,0","0,0","379,77","1,0","0,3","27,31",injection up to 140DAC during TB
1686,W8R6,"224,00","448,00",/media/bellevtx01/tb2025d/desy-tb-2025/tuning/W8R6_DCC/W8R6_DCC_TNTC_30C/20250403_025710_threshold_scan_interpreted.h5,DCC,"1.866,00","156,0",100.0,64.0,10.0,100.0,250.0,80.0,88.0,50.0,143.0,93.0,205.0,255.0,27,,27,27,,"0,6","3,21","13,5","13,88","0,97",,,#DIV/0!,20250403_025710,TRUE,2025-04-03,03:10:12,03.04.2025 03:11:26,03.04.2025 03:26:33,2025-04-02 23:04:39_usbtc08_log.csv,"30,5","29,30",2025-04-03 02:52:42_power_log.csv,"1,8","6,0","3,0","0,0","381,41","1,0","0,4","31,46",injection up to 140DAC during TB
1687,W8R6,"224,00","448,00",/media/bellevtx01/tb2025d/desy-tb-2025/tuning/W8R6_DCC/W8R6_DCC_TNTC_30C/20250403_033006_threshold_scan_interpreted.h5,DCC,"1.866,00","156,0",100.0,64.0,10.0,100.0,250.0,80.0,88.0,50.0,143.0,93.0,205.0,255.0,"27,3",,"27,3","27,3",,"0,6","3,31","13,65","14,05","0,97",,,#DIV/0!,20250403_033006,TRUE,2025-04-03,03:42:34,03.04.2025 03:43:15,03.04.2025 03:58:22,2025-04-02 23:04:39_usbtc08_log.csv,"30,5","29,29",2025-04-03 03:27:25_power_log.csv,"1,8","6,0","4,0","0,0","382,69","1,0","0,41","35,59",injection up to 140DAC during TB
1688,W8R6,"224,00","448,00",/media/bellevtx01/tb2025d/desy-tb-2025/tuning/W8R6_DCC/W8R6_DCC_TNTC_30C/20250403_040219_threshold_scan_interpreted.h5,DCC,"1.866,00","156,0",100.0,64.0,10.0,100.0,250.0,80.0,88.0,50.0,143.0,93.0,205.0,255.0,"27,4",,"27,4","27,4",,"0,6","3,36","13,7","14,11","0,97",,,#DIV/0!,20250403_040219,TRUE,2025-04-03,04:13:43,03.04.2025 04:14:18,03.04.2025 04:29:28,2025-04-02 23:04:39_usbtc08_log.csv,"30,5","29,27",2025-04-03 03:59:21_power_log.csv,"1,8","6,0","6,0","0,0","383,49","1,0","0,4","38,18",injection up to 140DAC during TB
1689,W8R6,"224,00","448,00",/media/bellevtx01/tb2025d/desy-tb-2025/tuning/W8R6_DCC/W8R6_DCC_TNTC_30C/20250403_043425_threshold_scan_interpreted.h5,DCC,"1.866,00","156,0",100.0,64.0,10.0,100.0,250.0,80.0,88.0,50.0,143.0,93.0,205.0,255.0,"27,4",,"27,4","27,4",,"0,6","3,39","13,7","14,11","0,97",,,#DIV/0!,20250403_043425,TRUE,2025-04-03,04:47:14,03.04.2025 04:48:50,03.04.2025 05:04:14,2025-04-02 23:04:39_usbtc08_log.csv,"30,5","29,26",2025-04-03 04:30:58_power_log.csv,"1,8","6,0","8,0","0,0","383,75","1,0","0,4","39,02",injection up to 140DAC during TB
1690,W8R6,"224,00","448,00",/media/bellevtx01/tb2025d/desy-tb-2025/tuning/W8R6_DCC/W8R6_DCC_TNTC_30C/20250403_050954_threshold_scan_interpreted.h5,DCC,"1.866,00","156,0",100.0,64.0,10.0,100.0,250.0,80.0,88.0,50.0,143.0,93.0,205.0,255.0,"27,4",,"27,4","27,4",,"0,6","3,39","13,7","14,11","0,97",,,#DIV/0!,20250403_050954,TRUE,2025-04-03,05:21:59,03.04.2025 05:22:31,03.04.2025 05:37:41,2025-04-02 23:04:39_usbtc08_log.csv,"30,5","29,24",2025-04-03 05:06:24_power_log.csv,"1,8","6,0","10,0","0,0","383,84","1,0","0,5","39,37",injection up to 140DAC during TB
1691,W8R6,"224,00","448,00",/media/bellevtx01/tb2025d/desy-tb-2025/tuning/W8R6_DCC/W8R6_DCC_TNTC_30C/20250403_054204_threshold_scan_interpreted.h5,DCC,"1.866,00","156,0",100.0,64.0,10.0,100.0,250.0,80.0,88.0,50.0,143.0,93.0,205.0,255.0,"27,4",,"27,4","27,4",,"0,6","3,4","13,7","14,12","0,97",,,#DIV/0!,20250403_054204,TRUE,2025-04-03,05:56:05,03.04.2025 05:57:15,03.04.2025 06:12:21,2025-04-02 23:04:39_usbtc08_log.csv,"30,5","29,25",2025-04-03 05:38:45_power_log.csv,"1,8","6,0","12,0","0,0","383,92","1,0","0,57","39,6",injection up to 140DAC during TB
1692,W8R6,"224,00","448,00",/media/bellevtx01/tb2025d/desy-tb-2025/tuning/W8R6_DCC/W8R6_DCC_TNTC_30C/20250403_061816_threshold_scan_interpreted.h5,DCC,"1.866,00","156,0",100.0,64.0,10.0,100.0,250.0,80.0,88.0,50.0,143.0,93.0,205.0,255.0,"27,4",,"27,6","27,6",38,"0,6","3,4","32,8","6,21","5,28",100,102023,"9,04E-03",20250701_083440,TRUE,2025-04-03,06:31:26,03.04.2025 06:32:07,03.04.2025 06:47:21,2025-04-02 23:04:39_usbtc08_log.csv,"30,5","29,24",2025-04-03 06:14:45_power_log.csv,"1,8","6,0","14,0","0,0","383,9","1,0","0,7","39,8",
1693,W8R6,"224,00","448,00",/media/bellevtx01/tb2025d/desy-tb-2025/tuning/W8R6_DCC/W8R6_DCC_TNTC_30C/20250403_071444_threshold_scan_interpreted.h5,DCC,"1.866,00","156,0",100.0,64.0,5.0,100.0,250.0,80.0,88.0,50.0,143.0,93.0,205.0,255.0,"29,7",,"29,7","29,7","40,2","0,6","3,36","34,95","6,23","5,61",300,63085,"1,86E-03",20250828_161100,TRUE,2025-04-03,07:34:34,03.04.2025 07:36:43,03.04.2025 07:52:31,2025-04-02 23:04:39_usbtc08_log.csv,"30,5","29,22",2025-04-03 07:33:58_power_log.csv,"1,8","6,0","14,0","0,0","378,76","1,0","0,71","39,25",
1694,W8R6,"224,00","448,00",/media/bellevtx01/tb2025d/desy-tb-2025/tuning/W8R6_DCC/W8R6_DCC_TNTC_30C/20250403_081957_threshold_scan_interpreted.h5,DCC,"1.866,00","156,0",100.0,64.0,0.0,100.0,250.0,80.0,88.0,50.0,143.0,93.0,205.0,255.0,"36,8",,"36,8","36,8","46,9","0,7","3,56","41,85","6,18","6,77",100,2183,"1,93E-04",20250403_081957,TRUE,2025-04-03,08:35:56,03.04.2025 08:36:27,03.04.2025 08:50:20,2025-04-02 23:04:39_usbtc08_log.csv,"30,5","29,27",2025-04-03 07:56:09_power_log.csv,"1,8","6,0","14,0","0,0","372,85","1,0","0,7","38,88",
1695,W8R6,"224,00","448,00",/media/bellevtx01/tb2025d/desy-tb-2025/tuning/W8R6_DCC/W8R6_DCC_TNTC_30C/20250403_093531_threshold_scan_interpreted.h5,DCC,"1.866,00","156,0",60.0,64.0,0.0,100.0,250.0,80.0,88.0,50.0,143.0,93.0,205.0,255.0,"46,4",,"46,4","46,4","55,3","1,2","3,74","50,85","5,81","8,75",100,736,"6,52E-05",20250403_093531,TRUE,2025-04-03,10:01:20,03.04.2025 10:02:11,03.04.2025 10:16:54,2025-04-02 23:04:39_usbtc08_log.csv,"30,5","29,19",2025-04-03 09:42:49_power_log.csv,"1,8","6,0","14,0","0,0","332,51","1,0","0,67","36,11",
1696,W8R6,"224,00","448,00",/media/bellevtx01/tb2025d/desy-tb-2025/tuning/W8R6_DCC/W8R6_DCC_TNTC_30C/20250403_090838_threshold_scan_interpreted.h5,DCC,"1.866,00","156,0",50.0,64.0,0.0,100.0,250.0,80.0,88.0,50.0,143.0,93.0,205.0,255.0,"51,3",,"51,3","51,3","59,7","1,4","3,82","55,5","5,68","9,78",100,678,"6,01E-05",20250403_090838,TRUE,2025-04-03,10:32:08,03.04.2025 10:32:42,03.04.2025 10:48:14,2025-04-02 23:04:39_usbtc08_log.csv,"30,5","29,14",2025-04-03 09:42:49_power_log.csv,"1,8","6,0","14,0","0,0","320,78","0,97","0,6","35,31",
1697,W8R6,"224,00","448,00",/media/bellevtx01/tb2025d/desy-tb-2025/tuning/W8R6_DCC/W8R6_DCC_TNTC_30C/20250403_113935_threshold_scan_interpreted.h5,DCC,"1.866,00","156,0",100.0,64.0,10.0,100.0,250.0,80.0,88.0,50.0,143.0,93.0,205.0,255.0,"31,5",,"31,4","31,4",,"0,7","3,18","15,7","16,02","0,98",300,29025,"8,58E-04",20250917_150157,TRUE,2025-04-03,11:46:24,03.04.2025 11:46:52,03.04.2025 11:52:22,2025-04-02 23:04:39_usbtc08_log.csv,"33,7","31,40",2025-04-03 09:42:49_power_log.csv,"1,8","6,0","14,0","0,0","214,94","1,0","0,69","39,31","BCID OFF, NO TOT and pulse"
1698,W8R6,"224,00","448,00",/media/bellevtx01/tb2025d/desy-tb-2025/tuning/W8R6_DCC/W8R6_DCC_TNTC_30C/20250403_113935_threshold_scan_interpreted.h5,DCC,"1.866,00","156,0",100.0,64.0,10.0,100.0,250.0,80.0,88.0,50.0,143.0,93.0,205.0,255.0,"31,5",,"31,4","31,4",,"0,7","3,18","15,7","16,02","0,98",300,29025,"8,58E-04",20250917_150157,TRUE,2025-04-03,11:53:01,03.04.2025 11:53:10,03.04.2025 12:08:39,2025-04-02 23:04:39_usbtc08_log.csv,"33,7","31,42",2025-04-03 09:42:49_power_log.csv,"1,8","6,0","14,0","0,0","214,88","1,0","0,67","39,31","BCID OFF, NO TOT and pulse"
1699,W8R6,"224,00","448,00",/media/bellevtx01/tb2025d/desy-tb-2025/tuning/W8R6_DCC/W8R6_DCC_TNTC_35C/20250403_124234_threshold_scan_interpreted.h5,DCC,"1.870,00","156,0",100.0,64.0,10.0,100.0,250.0,80.0,88.0,50.0,143.0,93.0,205.0,255.0,"32,3",,"31,8","31,8","43,4","0,8","4,09","37,6","7,10","5,30",100,182686,"1,62E-02",20250701_122526,TRUE,2025-04-03,12:58:54,03.04.2025 12:59:22,03.04.2025 13:18:48,2025-04-02 23:04:39_usbtc08_log.csv,"38,0","35,20",2025-04-03 09:42:49_power_log.csv,"1,8","6,0","14,0","0,0","392,79","1,5","2,4","73,41",
1702,W8R6,"224,00","448,00",/media/bellevtx01/tb2025d/desy-tb-2025/tuning/W8R6_DCC/W8R6_DCC_TNTC_35C/20250403_132556_threshold_scan_interpreted.h5,DCC,"1.870,00","156,0",100.0,64.0,10.0,100.0,250.0,80.0,88.0,50.0,143.0,93.0,205.0,255.0,32,,"31,5","31,5","43,2","0,8","4,05","37,35","7,12","5,25",300,486587,"1,44E-02",20250829_122912,TRUE,2025-04-03,14:29:05,03.04.2025 14:30:24,03.04.2025 14:46:30,2025-04-03 14:27:24_usbtc08_log.csv,"37,97","35,17",2025-04-03 14:28:40_power_log.csv,"1,8","6,0","8,0","0,0","392,2","1,49","1,03","71,09",
1703,W8R6,"224,00","448,00",/media/bellevtx01/tb2025d/desy-tb-2025/tuning/W8R6_DCC/W8R6_DCC_TNTC_35C/20250403_132556_threshold_scan_interpreted.h5,DCC,"1.870,00","156,0",100.0,64.0,10.0,100.0,250.0,80.0,88.0,50.0,143.0,93.0,205.0,255.0,32,,"31,4","31,4","42,9","0,8","4,01","37,15","7,01","5,30",300,436066,"1,29E-02",20250829_114811,TRUE,2025-04-03,14:52:12,03.04.2025 14:53:05,03.04.2025 15:13:18,2025-04-03 14:27:24_usbtc08_log.csv,"38,0","35,24",2025-04-03 14:51:53_power_log.csv,"1,8","6,0","6,0","0,0","392,11","1,5","0,94","70,89",
1704,W8R6,"224,00","448,00",/media/bellevtx01/tb2025d/desy-tb-2025/tuning/W8R6_DCC/W8R6_DCC_TNTC_40C/20250403_160746_threshold_scan_interpreted.h5,DCC,"1.870,00","156,0",100.0,64.0,10.0,100.0,250.0,80.0,88.0,50.0,143.0,93.0,205.0,255.0,"38,5",,"37,5","37,5","50,3","1,1","4,79","43,9","7,99","5,49",300,416822,"1,23E-02",20250701_145220,TRUE,2025-04-03,16:17:27,03.04.2025 16:17:56,03.04.2025 16:32:55,2025-04-03 14:27:24_usbtc08_log.csv,"44,0","39,97",2025-04-03 15:38:41_power_log.csv,"1,8","6,0","14,0","0,0","399,78","2,1","3,4","117,86",
1707,W8R6,"448,00","480,00",/media/bellevtx01/tb2025d/desy-tb-2025/tuning/W8R6_HVC/W8R6_HVC_30C/20250316_151915_threshold_scan_interpreted.h5,HVC,"31,00","31,0",100.0,30.0,30.0,100.0,250.0,80.0,88.0,50.0,50.0,40.0,140.0,255.0,"13,2","13,3","13,1","12,7",,"0,3","1,61","6,35","6,55","0,97",,,#DIV/0!,20250905_122109,TRUE,2025-04-03,17:36:02,03.04.2025 17:36:29,03.04.2025 18:04:58,2025-04-03 14:27:24_usbtc08_log.csv,"29,0","28,60",2025-04-03 17:26:39_power_log.csv,"1,8","0,0","0,0","30,0","406,62","0,6","0,3","37,47","bias scan, not needd noise scan. pulse min e max same as HV=40V"
1710,W8R6,"448,00","480,00",/media/bellevtx01/tb2025d/desy-tb-2025/tuning/W8R6_HVC/W8R6_HVC_30C/20250316_151915_threshold_scan_interpreted.h5,HVC,"31,00","31,0",100.0,30.0,30.0,100.0,250.0,80.0,88.0,50.0,50.0,40.0,140.0,255.0,,"13,3",13,,,"0,3","1,64",0,"1,64","0,00",,,#DIV/0!,20250905_123626,TRUE,2025-04-03,19:12:15,03.04.2025 19:13:53,03.04.2025 19:41:46,2025-04-03 14:27:24_usbtc08_log.csv,"29,0","28,54",2025-04-03 19:10:18_power_log.csv,"1,8","0,0","0,0","35,0","406,6","0,6","0,3","37,82","bias scan, not needd noise scan. pulse min e max same as HV=40V"
1711,W8R6,"448,00","480,00",/media/bellevtx01/tb2025d/desy-tb-2025/tuning/W8R6_HVC/W8R6_HVC_30C/20250316_151915_threshold_scan_interpreted.h5,HVC,"31,00","31,0",100.0,30.0,30.0,100.0,250.0,80.0,88.0,50.0,50.0,40.0,140.0,255.0,,"13,3","13,1","12,6","16,3","0,3","1,69","14,45","2,51","5,77",300,2252,"4,59E-04",20250905_113939,TRUE,2025-04-03,19:44:58,03.04.2025 19:47:24,03.04.2025 20:15:17,2025-04-03 14:27:24_usbtc08_log.csv,"29,0","28,53",2025-04-03 19:43:46_power_log.csv,"1,8","0,0","0,0","40,0","406,6","0,6","0,3","39,36",
1717,W8R6,"448,00","480,00",/media/bellevtx01/tb2025d/desy-tb-2025/tuning/W8R6_HVC/W8R6_HVC_30C/20250316_151915_threshold_scan_interpreted.h5,HVC,"31,00","31,0",100.0,30.0,30.0,100.0,250.0,80.0,88.0,50.0,50.0,40.0,140.0,255.0,,"13,5","13,3","12,8",,"0,3","1,61","6,4","6,60","0,97",,,#DIV/0!,20250905_140854,TRUE,2025-04-03,21:10:28,03.04.2025 21:12:49,03.04.2025 21:43:58,2025-04-03 14:27:24_usbtc08_log.csv,"29,0","28,50",2025-04-03 21:09:35_power_log.csv,"1,8","0,0","0,0","20,0","406,59","0,6","0,3","36,58",
1718,W8R6,"448,00","480,00",/media/bellevtx01/tb2025d/desy-tb-2025/tuning/W8R6_HVC/W8R6_HVC_30C/20250316_151915_threshold_scan_interpreted.h5,HVC,"31,00","31,0",100.0,30.0,30.0,100.0,250.0,80.0,88.0,50.0,50.0,40.0,140.0,255.0,,"14,1","13,7","13,2",,"0,3","1,65","6,6","6,80","0,97",,,#DIV/0!,20250905_162313,TRUE,2025-04-03,21:46:09,03.04.2025 21:49:30,03.04.2025 22:22:40,2025-04-03 14:27:24_usbtc08_log.csv,"29,0","28,47",2025-04-03 21:45:25_power_log.csv,"1,8","0,0","0,0","15,0","406,61","0,6","0,3","35,99",
1719,W8R6,"448,00","480,00",/media/bellevtx01/tb2025d/desy-tb-2025/tuning/W8R6_HVC/W8R6_HVC_30C/20250316_151915_threshold_scan_interpreted.h5,HVC,"31,00","31,0",100.0,30.0,30.0,100.0,250.0,80.0,88.0,50.0,50.0,40.0,140.0,255.0,,"13,3","13,1","12,7",,"0,3","1,61","6,35","6,55","0,97",,,#DIV/0!,20250905_122109,TRUE,2025-04-03,22:25:12,03.04.2025 22:27:54,03.04.2025 22:56:34,2025-04-03 14:27:24_usbtc08_log.csv,"29,0","28,45",2025-04-03 22:24:02_power_log.csv,"1,8","0,0","0,0","30,0","406,61","0,6","0,3","37,21","bias scan, not needd noise scan. pulse min e max same as HV=40V"
1720,W8R6,"448,00","480,00",/media/bellevtx01/tb2025d/desy-tb-2025/tuning/W8R6_HVC/W8R6_HVC_30C/20250316_151915_threshold_scan_interpreted.h5,HVC,"31,00","31,0",100.0,30.0,30.0,100.0,250.0,80.0,88.0,50.0,50.0,40.0,140.0,255.0,,"15,2",15,"14,4",,"0,4","1,7","7,2","7,40","0,97",,,#DIV/0!,20250905_163944,TRUE,2025-04-03,23:03:46,03.04.2025 23:05:55,03.04.2025 23:34:27,2025-04-03 14:27:24_usbtc08_log.csv,"29,0","28,43",2025-04-03 23:03:14_power_log.csv,"1,8","0,0","0,0","10,0","406,61","0,6","0,3","35,09",
1721,W8R6,"448,00","480,00",/media/bellevtx01/tb2025d/desy-tb-2025/tuning/W8R6_HVC/W8R6_HVC_30C/20250316_151915_threshold_scan_interpreted.h5,HVC,"31,00","31,0",100.0,30.0,30.0,100.0,250.0,80.0,88.0,50.0,50.0,40.0,140.0,255.0,"14,3",,"15,2","14,6","18,5","0,4","2,12","16,55","2,88","5,75",300,8142,"1,66E-03",20250702_160659,TRUE,2025-04-03,23:37:30,04.04.2025 00:05:01,04.04.2025 00:31:55,2025-04-03 14:27:24_usbtc08_log.csv,"36,5","34,09",2025-04-03 23:35:45_power_log.csv,"1,8","0,0","0,0","40,0","408,89","0,76","0,3","69,46",
1722,W8R6,"448,00","480,00",/media/bellevtx01/tb2025d/desy-tb-2025/tuning/W8R6_HVC/W8R6_HVC_30C/20250316_151915_threshold_scan_interpreted.h5,HVC,"31,00","31,0",100.0,30.0,30.0,100.0,250.0,80.0,88.0,50.0,50.0,40.0,140.0,255.0,18,,"18,2","17,4","21,6","0,5","2,6","19,5","3,34","5,83",300,23211,"4,73E-03",20250701_154154,TRUE,2025-04-04,01:05:12,04.04.2025 01:05:40,04.04.2025 01:31:50,2025-04-03 14:27:24_usbtc08_log.csv,"43,5","39,45",2025-04-03 23:35:45_power_log.csv,"1,8","0,0","0,0","40,0","411,06","1,0","0,37","117,48",
1726,W8R6,"448,00","480,00",/media/bellevtx01/tb2025d/desy-tb-2025/tuning/W8R6_HVC/W8R6_HVC_30C/20250316_151915_threshold_scan_interpreted.h5,HVC,"31,00","31,0",100.0,30.0,30.0,100.0,250.0,80.0,88.0,50.0,50.0,40.0,140.0,255.0,"11,6",,"11,8","11,5","14,9","0,3","1,38","13,2","2,19","6,03",300,542,"1,10E-04",20250905_180516,TRUE,2025-04-04,03:34:48,04.04.2025 03:35:13,04.04.2025 04:00:18,2025-04-04 01:43:09_usbtc08_log.csv,"24,0","24,53",2025-04-04 02:35:50_power_log.csv,"1,8","0,0","0,0","40,0","405,2","0,5","0,3","26,5",
1727,W8R6,"448,00","480,00",/media/bellevtx01/tb2025d/desy-tb-2025/tuning/W8R6_HVC/W8R6_HVC_30C/20250316_151915_threshold_scan_interpreted.h5,HVC,"31,00","31,0",100.0,30.0,30.0,100.0,250.0,80.0,88.0,50.0,50.0,40.0,140.0,255.0,"10,5",,"10,8","10,6","13,9","0,3","1,12","12,25","1,99","6,14",300,180,"3,67E-05",20250704_190450,TRUE,2025-04-04,04:17:38,04.04.2025 04:18:25,04.04.2025 04:43:51,2025-04-04 01:43:09_usbtc08_log.csv,"17,0","19,32",2025-04-04 02:35:50_power_log.csv,"1,8","0,0","0,0","40,0","403,23","0,4","0,25","15,22",
1728,W8R6,"448,00","480,00",/media/bellevtx01/tb2025d/desy-tb-2025/tuning/W8R6_HVC/W8R6_HVC_30C/20250316_151915_threshold_scan_interpreted.h5,HVC,"31,00","31,0",100.0,30.0,30.0,100.0,250.0,80.0,88.0,50.0,50.0,40.0,140.0,255.0,"9,8",,10,"9,9","13,1","0,2","0,92","11,5","1,85","6,23",300,61,"1,24E-05",20250909_145200,TRUE,2025-04-04,04:59:41,04.04.2025 05:00:06,04.04.2025 05:26:28,2025-04-04 01:43:09_usbtc08_log.csv,"11,0","14,86",2025-04-04 02:35:50_power_log.csv,"1,8","0,0","0,0","40,0","401,51","0,3","0,2","9,38",
1729,W8R6,"448,00","480,00",/media/bellevtx01/tb2025d/desy-tb-2025/tuning/W8R6_HVC/W8R6_HVC_30C/20250316_151915_threshold_scan_interpreted.h5,HVC,"31,00","31,0",100.0,30.0,30.0,100.0,250.0,80.0,88.0,50.0,50.0,40.0,140.0,255.0,"9,2",,"9,5","9,3","12,6","0,2","0,76","10,95","1,82","6,03",300,36,"7,34E-06",20250909_153541,TRUE,2025-04-04,05:43:33,04.04.2025 05:44:26,04.04.2025 06:10:31,2025-04-04 01:43:09_usbtc08_log.csv,"4,49","10,09",2025-04-04 02:35:50_power_log.csv,"1,8","0,0","0,0","40,0","399,69","0,3","0,2","5,42",
1730,W8R6,"448,00","480,00",/media/bellevtx01/tb2025d/desy-tb-2025/tuning/W8R6_HVC/W8R6_HVC_30C/20250316_151915_threshold_scan_interpreted.h5,HVC,"31,00","31,0",100.0,30.0,30.0,100.0,250.0,80.0,88.0,50.0,50.0,40.0,140.0,255.0,"12,7",,"12,8","12,4",16,"0,3","1,63","14,2","2,43","5,85",300,23211,"4,73E-03",20250702_180824,TRUE,2025-04-04,06:47:13,04.04.2025 06:47:38,04.04.2025 07:12:34,2025-04-04 01:43:09_usbtc08_log.csv,"29,5","28,56",2025-04-04 06:21:11_power_log.csv,"1,8","0,0","0,0","25,0","406,78","0,6","0,3","37,89",
1731,W8R6,"448,00","480,00",/media/bellevtx01/tb2025d/desy-tb-2025/tuning/W8R6_HVC/W8R6_HVC_35C/20250404_074650_threshold_scan_interpreted.h5,HVC,"544,00","32,0",100.0,30.0,50.0,100.0,250.0,80.0,88.0,50.0,50.0,40.0,140.0,255.0,"13,4",,"13,7","13,1","16,9","0,4","2,04",15,"2,79","5,38",300,78210,"1,65E-02",20250702_171744,TRUE,2025-04-04,07:51:21,04.04.2025 07:51:48,04.04.2025 08:18:15,2025-04-04 01:43:09_usbtc08_log.csv,"36,5","34,01",2025-04-04 07:15:20_power_log.csv,"1,8","0,0","0,0","40,0","409,93","0,7","0,3","69,5",
1732,W8R6,"449,00","480,00",/media/bellevtx01/tb2025d/desy-tb-2025/tuning/W8R6_HVC/W8R6_HVC_35C/20250404_085741_noise_occupancy_scan_interpreted.h5,HVC,"50,00","31,0",100.0,30.0,70.0,100.0,250.0,80.0,88.0,50.0,50.0,40.0,140.0,255.0,"14,9",,"15,18","14,43","18,51","0,63","2,52","16,47","3,24","5,08",300,1316408,"2,77E-01",20250916_183521,TRUE,2025-04-04,09:09:41,04.04.2025 09:10:23,04.04.2025 09:38:48,2025-04-04 01:43:09_usbtc08_log.csv,"43,5","39,48",2025-04-04 08:47:42_power_log.csv,"1,8","0,0","0,0","40,0","413,31","1,0","0,37","118,61",
1733,W8R6,"449,00","480,00",/media/bellevtx01/tb2025d/desy-tb-2025/tuning/W8R6_HVC/W8R6_HVC_40C/20250404_104051_noise_occupancy_scan_interpreted.h5,HVC,"50,00","31,0",100.0,30.0,90.0,100.0,250.0,80.0,88.0,50.0,50.0,40.0,140.0,255.0,"14,5",,"14,6","13,84","17,87","0,66","2,48","15,855","3,20","4,96",300,3090878,"6,51E-01",20250916_175627,TRUE,2025-04-04,10:45:03,04.04.2025 10:45:31,04.04.2025 11:14:09,2025-04-04 01:43:09_usbtc08_log.csv,"44,0","39,87",2025-04-04 10:39:52_power_log.csv,"1,8","0,0","0,0","40,0","414,52","1,08","0,4","123,82",
1734,W8R6,"449,00","480,00",/media/bellevtx01/tb2025d/desy-tb-2025/tuning/W8R6_HVC/W8R6_HVC_40C/20250404_113905_threshold_scan_interpreted.h5,HVC,"50,00","31,0",100.0,30.0,110.0,100.0,250.0,80.0,88.0,50.0,50.0,40.0,140.0,255.0,"14,1",,"14,2","13,5","17,4","0,8","2,46","15,45","3,14","4,92",300,4991248,"1,05E+00",20250701_162956,TRUE,2025-04-04,11:49:45,04.04.2025 11:50:16,04.04.2025 12:23:38,2025-04-04 01:43:09_usbtc08_log.csv,"44,0","39,90",2025-04-04 10:39:52_power_log.csv,"1,8","0,0","0,0","40,0","415,46","1,02","0,35","124,24",
1736,W8R6,"448,00","480,00",/media/bellevtx01/tb2025d/desy-tb-2025/tuning/W8R6_HVC/W8R6_HVC_40C_BCID_OFF/20250404_125815_threshold_scan_interpreted.h5,HVC,"562,00","32,0",100.0,30.0,110.0,100.0,250.0,80.0,88.0,50.0,50.0,40.0,140.0,255.0,16,,"15,8","15,8",,"0,8","2,26","7,9","8,22","0,96",300,33101,"6,97E-03",20250917_152950,TRUE,2025-04-04,14:15:05,04.04.2025 14:15:50,04.04.2025 14:43:28,2025-04-04 01:43:09_usbtc08_log.csv,"47,0","41,86",2025-04-04 14:10:09_power_log.csv,"1,8","0,0","0,0","40,0","248,24","1,0","0,38","122,03","BCID OFF, NO TOT and pulse"
1737,W8R6,"448,00","480,00",/media/bellevtx01/tb2025d/desy-tb-2025/tuning/W8R6_HVC/W8R6_HVC_40C_BCID_OFF_TDAC4/20250404_130605_threshold_scan_interpreted.h5,HVC,"562,00","32,0",100.0,30.0,110.0,100.0,250.0,80.0,88.0,50.0,50.0,40.0,140.0,255.0,"16,1",,16,,,"1,1","2,27",0,"2,27","0,00",300,37149,"7,83E-03",20250917_154101,TRUE,2025-04-04,14:49:47,04.04.2025 14:50:17,04.04.2025 15:18:16,2025-04-04 01:43:09_usbtc08_log.csv,"47,0","41,87",2025-04-04 14:10:09_power_log.csv,"1,8","0,0","0,0","40,0","248,28","1,0","0,38","122,01","BCID OFF, NO TOT and pulse, TDAC=4"
1739,W8R6,"224,00","448,00",/media/bellevtx01/tb2025d/desy-tb-2025/tuning/W8R6_DCC/W8R6_DCC_TNTC_35_reduced_noise_VRESET120/20250404_163916_threshold_scan_interpreted.h5,DCC,"1.870,00","156,0",100.0,64.0,25.0,100.0,250.0,80.0,88.0,50.0,120.0,93.0,205.0,255.0,"31,6",,"30,9","30,9","42,4","1,2","3,8","36,65","6,89","5,32",300,248696,"7,35E-03",20250829_162226,TRUE,2025-04-04,16:46:08,04.04.2025 16:46:31,04.04.2025 17:03:20,2025-04-04 01:43:09_usbtc08_log.csv,"37,5","35,20",2025-04-04 16:09:19_power_log.csv,"1,8","6,0","14,0","0,0","415,94","1,52","2,5","75,12",
1740,W8R6,"224,00","448,00",/media/bellevtx01/tb2025d/desy-tb-2025/tuning/W8R6_DCC/W8R6_DCC_TNTC_35_reduced_noise_VRESET120/20250404_163916_threshold_scan_interpreted.h5,DCC,"1.870,00","156,0",100.0,64.0,25.0,100.0,250.0,80.0,88.0,50.0,120.0,93.0,205.0,255.0,,"25,2","21,9","21,9","31,7","0,8","2,69","26,8","5,59","4,79",300,1036279,"3,06E-02",20250905_185937,TRUE,2025-04-04,17:49:52,04.04.2025 17:50:25,04.04.2025 18:05:38,2025-04-04 01:43:09_usbtc08_log.csv,"23,8","24,85",2025-04-04 16:09:19_power_log.csv,"1,8","6,0","14,0","0,0","410,42","0,8","1,0","25,81",
1742,W8R6,"224,00","448,00",/media/bellevtx01/tb2025d/desy-tb-2025/tuning/W8R6_DCC/W8R6_DCC_TNTC_35_reduced_noise_VRESET120/20250404_163916_threshold_scan_interpreted.h5,DCC,"1.870,00","156,0",100.0,64.0,25.0,100.0,250.0,80.0,88.0,50.0,120.0,93.0,205.0,255.0,,"22,7","19,8","19,8","28,9","0,7","2,34","24,35","5,12","4,76",300,1389392,"4,11E-02",20250909_111413,TRUE,2025-04-04,18:22:19,04.04.2025 18:32:46,04.04.2025 18:48:10,2025-04-04 18:16:43_usbtc08_log.csv,"17,3","19,90",2025-04-04 18:15:26_power_log.csv,"1,8","6,0","14,0","0,0","408,13","0,64","0,7","15,28",
1743,W8R6,"224,00","448,00",/media/bellevtx01/tb2025d/desy-tb-2025/tuning/W8R6_DCC/W8R6_DCC_TNTC_35_reduced_noise_VRESET120/20250404_163916_threshold_scan_interpreted.h5,DCC,"1.870,00","156,0",100.0,64.0,25.0,100.0,250.0,80.0,88.0,50.0,120.0,93.0,205.0,255.0,,21,"18,3","18,3",27,"0,6","2,05","22,65","4,81","4,71",300,2375891,"7,02E-02",20250909_122604,TRUE,2025-04-04,18:48:26,04.04.2025 19:07:27,04.04.2025 19:23:40,2025-04-04 18:16:43_usbtc08_log.csv,"10,69","15,00",2025-04-04 18:15:26_power_log.csv,"1,8","6,0","14,0","0,0","405,87","0,5","0,4","8,89",
1745,W8R6,"224,00","448,00",/media/bellevtx01/tb2025d/desy-tb-2025/tuning/W8R6_DCC/W8R6_DCC_TNTC_30C/20250403_112940_noise_occupancy_scan_interpreted.h5,DCC,"1.866,00","156,0",100.0,64.0,10.0,100.0,250.0,80.0,88.0,50.0,143.0,93.0,205.0,255.0,,"25,2","24,4","24,4","33,9","0,5","2,78","29,15","5,50","5,30",300,182837,"5,40E-03",20250905_183708,TRUE,2025-04-04,20:23:07,04.04.2025 20:24:36,04.04.2025 20:39:25,2025-04-04 18:16:43_usbtc08_log.csv,"24,2","24,88",2025-04-04 18:15:26_power_log.csv,"1,8","6,0","14,0","0,0","378,28","0,78","1,0","24,61","same registrs, masking and tuning of 1661"
1748,W8R6,"224,00","448,00",/media/bellevtx01/tb2025d/desy-tb-2025/tuning/W8R6_DCC/W8R6_DCC_TNTC_30C/20250403_112940_noise_occupancy_scan_interpreted.h5,DCC,"1.866,00","156,0",100.0,64.0,10.0,100.0,250.0,80.0,88.0,50.0,143.0,93.0,205.0,255.0,,"22,7","23,2","23,2","32,1","0,5","2,40","27,65","5,06","5,47","300,00","122472,00","3,62E-03",20250704_184128,TRUE,2025-04-04,21:04:58,04.04.2025 21:07:25,04.04.2025 21:21:05,2025-04-04 18:16:43_usbtc08_log.csv,"17,3","19,70",2025-04-04 21:03:54_power_log.csv,"1,8","6,0","14,0","0,0","372,28","0,6","0,7","14,01",
1749,W8R6,"224,00","448,00",/media/bellevtx01/tb2025d/desy-tb-2025/tuning/W8R6_DCC/W8R6_DCC_TNTC_30C/20250403_112940_noise_occupancy_scan_interpreted.h5,DCC,"1.866,00","156,0",100.0,64.0,10.0,100.0,250.0,80.0,88.0,50.0,143.0,93.0,205.0,255.0,,21,"21,7","21,7","29,7","0,5","2,08","25,7","4,51","5,70",300,119735,"3,54E-03",20250909_124812,TRUE,2025-04-04,21:39:44,04.04.2025 21:40:11,04.04.2025 21:53:35,2025-04-04 18:16:43_usbtc08_log.csv,"10,99","15,01",2025-04-04 21:03:54_power_log.csv,"1,8","6,0","14,0","0,0","367,08","0,5","0,4","8,29",
1751,W8R6,"224,00","448,00",/media/bellevtx01/tb2025d/desy-tb-2025/tuning/W8R6_DCC/W8R6_DCC_TNTC_30C/20250403_112940_noise_occupancy_scan_interpreted.h5,DCC,"1.866,00","156,0",100.0,64.0,10.0,100.0,250.0,80.0,88.0,50.0,143.0,93.0,205.0,255.0,,20,"20,6","20,6","28,1","0,5","1,81","24,35","4,16","5,85",300,120803,"3,57E-03",20250909_160404,TRUE,2025-04-04,22:19:42,04.04.2025 22:21:30,04.04.2025 22:34:31,2025-04-04 18:16:43_usbtc08_log.csv,"4,7","10,29",2025-04-04 22:18:52_power_log.csv,"1,8","6,0","14,0","0,0","362,01","0,4","0,3","4,81",
1752,W8R6,"224,00","448,00",/media/bellevtx01/tb2025d/desy-tb-2025/tuning/W8R6_DCC/W8R6_DCC_TNTC_30C/20250403_112940_noise_occupancy_scan_interpreted.h5,DCC,"1.866,00","156,0",100.0,64.0,10.0,100.0,250.0,80.0,88.0,50.0,143.0,93.0,205.0,255.0,,,"45,84","45,84","59,42","1,56","5,32","52,63","8,63","6,10",300,60592,"1,79E-03",20250917_115530,TRUE,2025-04-04,23:31:34,04.04.2025 23:33:24,04.04.2025 23:47:11,2025-04-04 18:16:43_usbtc08_log.csv,"49,0","43,33",2025-04-04 22:18:52_power_log.csv,"1,8","6,0","14,0","0,0","233,34","2,3","3,6","133,0",
1757,W2R5,"360,00","448,00",/media/bellevtx01/tb2025d/desy-tb-2025/tuning/W2R5_DCC/20250405_003905_threshold_scan_interpreted.h5,DCC,"675,00","0,0",100.0,50.0,100.0,100.0,200.0,80.0,88.0,50.0,120.0,93.0,228.0,255.0,"28,5",,,,,,,0,"0,00",#DIV/0!,,,#DIV/0!,,FALSE,2025-04-05,01:43:06,05.04.2025 01:43:35,05.04.2025 02:00:10,2025-04-05 00:17:19_usbtc08_log.csv,"31,0","29,69",2025-04-05 01:41:56_power_log.csv,"1,8","6,0","14,0","0,0","409,3","0,7","0,66","19,4",
1758,W2R5,"360,00","448,00",/media/bellevtx01/tb2025d/desy-tb-2025/tuning/W2R5_DCC/20250405_003905_threshold_scan_interpreted.h5,DCC,"675,00","0,0",100.0,50.0,100.0,100.0,200.0,80.0,88.0,50.0,120.0,93.0,228.0,255.0,"28,5",,,,,,,0,"0,00",#DIV/0!,,,#DIV/0!,,FALSE,2025-04-05,02:00:32,05.04.2025 02:01:00,05.04.2025 02:31:15,2025-04-05 00:17:19_usbtc08_log.csv,"31,0","29,68",2025-04-05 01:41:56_power_log.csv,"1,8","6,0","14,0","0,0","409,28","0,7","0,6","19,42",
1762,W2R5,"449,00","480,00",/media/bellevtx01/tb2025d/desy-tb-2025/tuning/W2R5_HVC/20250405_044349_threshold_scan_interpreted.h5,HVC,"0,00","0,0",100.0,30.0,30.0,88.0,200.0,80.0,88.0,50.0,50.0,40.0,140.0,255.0,"12,2",,,,,,,0,"0,00",#DIV/0!,,,#DIV/0!,,FALSE,2025-04-05,04:47:06,,,2025-04-05 04:37:29_usbtc08_log.csv,"31,0","29,61",2025-04-05 04:40:15_power_log.csv,"1,8","0,0","0,0","40,0","416,18","0,38","0,2","20,49",
1790,W2R5,"449,00","480,00",/media/bellevtx01/tb2025d/desy-tb-2025/tuning/W2R5_HVC/20250405_044349_threshold_scan_interpreted.h5,HVC,"0,00","0,0",100.0,30.0,30.0,88.0,200.0,80.0,88.0,50.0,50.0,40.0,140.0,255.0,"12,4",,,,,,,0,"0,00",#DIV/0!,,,#DIV/0!,,FALSE,2025-04-05,11:54:21,05.04.2025 11:54:46,05.04.2025 12:24:40,2025-04-05 05:46:05_usbtc08_log.csv,"31,0","29,72",2025-04-05 11:53:23_power_log.csv,"1,8","0,0","0,0","25,0","416,28","0,36","0,2","19,73",
1794,W2R5,"449,00","480,00",/media/bellevtx01/tb2025d/desy-tb-2025/tuning/W2R5_HVC/20250405_132008_threshold_scan_interpreted.h5,HVC,"0,00","0,0",100.0,30.0,30.0,88.0,200.0,80.0,88.0,50.0,50.0,40.0,140.0,255.0,"13,1",,,,,,,0,"0,00",#DIV/0!,,,#DIV/0!,,FALSE,2025-04-05,13:44:47,05.04.2025 13:45:15,05.04.2025 14:13:15,2025-04-05 05:46:05_usbtc08_log.csv,"31,0","29,74",2025-04-05 13:15:50_power_log.csv,"1,8","0,0","0,0","15,0","416,13","0,4","0,2","19,41",
1795,W2R5,"449,00","480,00",/media/bellevtx01/tb2025d/desy-tb-2025/tuning/W2R5_HVC/20250405_132008_threshold_scan_interpreted.h5,HVC,"0,00","0,0",100.0,30.0,30.0,88.0,200.0,80.0,88.0,50.0,50.0,40.0,140.0,255.0,"12,6",,,,,,,0,"0,00",#DIV/0!,,,#DIV/0!,,FALSE,2025-04-05,14:20:07,05.04.2025 14:20:34,05.04.2025 14:35:55,2025-04-05 05:46:05_usbtc08_log.csv,"31,0","29,75",2025-04-05 14:17:44_power_log.csv,"1,8","0,0","0,0","20,0","416,14","0,4","0,2","19,59",
1796,W2R5,"449,00","480,00",/media/bellevtx01/tb2025d/desy-tb-2025/tuning/W2R5_HVC/20250405_132008_threshold_scan_interpreted.h5,HVC,"0,00","0,0",100.0,30.0,30.0,88.0,200.0,80.0,88.0,50.0,50.0,40.0,140.0,255.0,"12,6",,,,,,,0,"0,00",#DIV/0!,,,#DIV/0!,,FALSE,2025-04-05,14:36:07,05.04.2025 14:36:30,05.04.2025 14:40:20,2025-04-05 05:46:05_usbtc08_log.csv,"31,0","29,76",2025-04-05 14:17:44_power_log.csv,"1,8","0,0","0,0","20,0","416,1","0,4","0,2","19,6",
1797,W2R5,"449,00","480,00",/media/bellevtx01/tb2025d/desy-tb-2025/tuning/W2R5_HVC/20250405_132008_threshold_scan_interpreted.h5,HVC,"0,00","0,0",100.0,30.0,30.0,88.0,200.0,80.0,88.0,50.0,50.0,40.0,140.0,255.0,"12,6",,,,,,,0,"0,00",#DIV/0!,,,#DIV/0!,,FALSE,2025-04-05,14:40:33,05.04.2025 14:41:11,05.04.2025 14:44:36,2025-04-05 05:46:05_usbtc08_log.csv,"31,0","29,76",2025-04-05 14:17:44_power_log.csv,"1,8","0,0","0,0","20,0","416,25","0,39","0,2","19,6",
1798,W2R5,"449,00","480,00",/media/bellevtx01/tb2025d/desy-tb-2025/tuning/W2R5_HVC/20250405_132008_threshold_scan_interpreted.h5,HVC,"0,00","0,0",100.0,30.0,30.0,88.0,200.0,80.0,88.0,50.0,50.0,40.0,140.0,255.0,"12,6",,,,,,,0,"0,00",#DIV/0!,,,#DIV/0!,,FALSE,2025-04-05,14:44:53,05.04.2025 14:45:17,05.04.2025 14:51:06,2025-04-05 05:46:05_usbtc08_log.csv,"31,0","29,76",2025-04-05 14:17:44_power_log.csv,"1,8","0,0","0,0","20,0","416,22","0,4","0,2","19,6",
1799,W2R5,"449,00","480,00",/media/bellevtx01/tb2025d/desy-tb-2025/tuning/W2R5_HVC/20250405_132008_threshold_scan_interpreted.h5,HVC,"0,00","0,0",100.0,30.0,30.0,88.0,200.0,80.0,88.0,50.0,50.0,40.0,140.0,255.0,"12,6",,,,,,,0,"0,00",#DIV/0!,,,#DIV/0!,,FALSE,2025-04-05,14:51:22,05.04.2025 14:51:46,05.04.2025 14:55:21,2025-04-05 05:46:05_usbtc08_log.csv,"31,0","29,76",2025-04-05 14:17:44_power_log.csv,"1,8","0,0","0,0","20,0","416,14","0,4","0,2","19,6",
1800,W2R5,"449,00","480,00",/media/bellevtx01/tb2025d/desy-tb-2025/tuning/W2R5_HVC/20250405_132008_threshold_scan_interpreted.h5,HVC,"0,00","0,0",100.0,30.0,30.0,88.0,200.0,80.0,88.0,50.0,50.0,40.0,140.0,255.0,"12,6",,,,,,,0,"0,00",#DIV/0!,,,#DIV/0!,,FALSE,2025-04-05,14:55:34,05.04.2025 14:56:03,05.04.2025 14:59:16,2025-04-05 05:46:05_usbtc08_log.csv,"31,0","29,75",2025-04-05 14:17:44_power_log.csv,"1,8","0,0","0,0","20,0","416,16","0,4","0,2","19,57",
1801,W2R5,"449,00","480,00",/media/bellevtx01/tb2025d/desy-tb-2025/tuning/W2R5_HVC/20250405_132008_threshold_scan_interpreted.h5,HVC,"0,00","0,0",100.0,30.0,30.0,88.0,200.0,80.0,88.0,50.0,50.0,40.0,140.0,255.0,"14,5",,,,,,,0,"0,00",#DIV/0!,,,#DIV/0!,,FALSE,2025-04-05,15:02:36,05.04.2025 15:03:02,05.04.2025 15:33:05,2025-04-05 05:46:05_usbtc08_log.csv,"31,0","29,75",2025-04-05 15:01:05_power_log.csv,"1,8","0,0","0,0","10,0","416,16","0,4","0,2","19,2",
1802,W2R5,"449,00","480,00",/media/bellevtx01/tb2025d/desy-tb-2025/tuning/W2R5_HVC/20250405_132008_threshold_scan_interpreted.h5,HVC,"0,00","0,0",100.0,30.0,30.0,88.0,200.0,80.0,88.0,50.0,50.0,40.0,140.0,255.0,,"14,5",,,,,,0,"0,00",#DIV/0!,,,#DIV/0!,,FALSE,2025-04-05,16:05:30,05.04.2025 16:05:56,05.04.2025 16:34:31,2025-04-05 05:46:05_usbtc08_log.csv,"38,0","34,99",2025-04-05 15:44:49_power_log.csv,"1,8","0,0","0,0","40,0","417,55","0,5","0,28","35,09",
1803,W2R5,"449,00","480,00",/media/bellevtx01/tb2025d/desy-tb-2025/tuning/W2R5_HVC/20250405_132008_threshold_scan_interpreted.h5,HVC,"0,00","0,0",100.0,30.0,30.0,88.0,200.0,80.0,88.0,50.0,50.0,40.0,140.0,255.0,,"15,6",,,,,,0,"0,00",#DIV/0!,,,#DIV/0!,,FALSE,2025-04-05,16:53:00,05.04.2025 16:53:32,05.04.2025 17:22:29,2025-04-05 16:38:14_usbtc08_log.csv,"45,0","40,33",2025-04-05 15:44:49_power_log.csv,"1,8","0,0","0,0","40,0","419,12","0,7","0,3","59,53",
1804,W2R5,"449,00","480,00",/media/bellevtx01/tb2025d/desy-tb-2025/tuning/W2R5_HVC/W2R5_HVC_NTC40C/20250401_152852_threshold_scan_interpreted.h5,HVC,"4,00","0,0",100.0,30.0,80.0,88.0,200.0,80.0,88.0,50.0,50.0,40.0,140.0,255.0,,"13,5",,,,,,0,"0,00",#DIV/0!,,,#DIV/0!,,FALSE,2025-04-05,17:32:35,05.04.2025 17:32:47,05.04.2025 18:02:37,2025-04-05 16:38:14_usbtc08_log.csv,"45,0","40,40",2025-04-05 15:44:49_power_log.csv,"1,8","0,0","0,0","40,0","422,12","0,7","0,3","59,92",
1805,W2R5,"449,00","480,00",/media/bellevtx01/tb2025d/desy-tb-2025/tuning/W2R5_HVC/W2R5_HVC_NTC40C/20250401_152607_threshold_scan_interpreted.h5,HVC,"4,00","0,0",100.0,30.0,50.0,88.0,200.0,80.0,88.0,50.0,50.0,40.0,140.0,255.0,,"14,8",,,,,,0,"0,00",#DIV/0!,,,#DIV/0!,,FALSE,2025-04-05,18:03:01,05.04.2025 18:03:26,05.04.2025 18:34:50,2025-04-05 16:38:14_usbtc08_log.csv,"45,0","40,41",2025-04-05 15:44:49_power_log.csv,"1,8","0,0","0,0","40,0","420,38","0,67","0,3","59,69",
1806,W2R5,"449,00","480,00",/media/bellevtx01/tb2025d/desy-tb-2025/tuning/W2R5_HVC/W2R5_HVC_NTC40C/20250401_152112_threshold_scan_interpreted.h5,HVC,"4,00","0,0",100.0,30.0,10.0,88.0,200.0,80.0,88.0,50.0,50.0,40.0,140.0,255.0,,"20,3",,,,,,0,"0,00",#DIV/0!,,,#DIV/0!,,FALSE,2025-04-05,18:43:19,05.04.2025 18:43:41,05.04.2025 19:13:37,2025-04-05 16:38:14_usbtc08_log.csv,"45,0","40,35",2025-04-05 15:44:49_power_log.csv,"1,8","0,0","0,0","40,0","417,71","0,7","0,3","59,27",
1807,W2R5,"449,00","480,00",/media/bellevtx01/tb2025d/desy-tb-2025/tuning/W2R5_HVC/W2R5_HVC_NTC40C/20250401_152349_threshold_scan_interpreted.h5,HVC,"4,00","0,0",100.0,30.0,5.0,88.0,200.0,80.0,88.0,50.0,50.0,40.0,140.0,255.0,,"23,4",,,,,,0,"0,00",#DIV/0!,,,#DIV/0!,,FALSE,2025-04-05,19:14:11,05.04.2025 19:14:36,05.04.2025 19:48:35,2025-04-05 16:38:14_usbtc08_log.csv,"45,0","40,32",2025-04-05 15:44:49_power_log.csv,"1,8","0,0","0,0","40,0","417,38","0,7","0,3","59,18",
1808,W2R5,"449,00","480,00",/media/bellevtx01/tb2025d/desy-tb-2025/tuning/W2R5_HVC/20250405_052556_threshold_scan_interpreted.h5,HVC,"0,00","0,0",100.0,30.0,30.0,88.0,200.0,80.0,88.0,50.0,50.0,40.0,140.0,255.0,,"12,8",,,,,,0,"0,00",#DIV/0!,,,#DIV/0!,,FALSE,2025-04-05,19:52:14,05.04.2025 20:10:19,05.04.2025 20:45:57,2025-04-05 16:38:14_usbtc08_log.csv,"31,0","29,81",2025-04-05 19:51:18_power_log.csv,"1,8","0,0","0,0","35,0","416,19","0,4","0,2","19,94",
1809,W2R5,"449,00","480,00",/media/bellevtx01/tb2025d/desy-tb-2025/tuning/W2R5_HVC/20250405_052556_threshold_scan_interpreted.h5,HVC,"0,00","0,0",100.0,30.0,30.0,88.0,200.0,80.0,88.0,50.0,50.0,40.0,140.0,255.0,,"12,8",,,,,,0,"0,00",#DIV/0!,,,#DIV/0!,,FALSE,2025-04-05,20:48:41,05.04.2025 20:49:15,05.04.2025 21:19:03,2025-04-05 16:38:14_usbtc08_log.csv,"31,0","29,70",2025-04-05 20:48:00_power_log.csv,"1,8","0,0","0,0","30,0","416,24","0,4","0,2","19,71",
1810,W2R5,"449,00","480,00",/media/bellevtx01/tb2025d/desy-tb-2025/tuning/W2R5_HVC/W2R5_HVC_NTC30C/20250401_122553_threshold_scan_interpreted.h5,HVC,"0,00","0,0",100.0,30.0,10.0,88.0,200.0,80.0,88.0,50.0,50.0,40.0,140.0,255.0,,"15,2",,,,,,0,"0,00",#DIV/0!,,,#DIV/0!,,FALSE,2025-04-05,21:23:24,05.04.2025 21:26:33,05.04.2025 22:00:11,2025-04-05 16:38:14_usbtc08_log.csv,"31,0","29,66",2025-04-05 21:22:08_power_log.csv,"1,8","0,0","0,0","40,0","414,95","0,4","0,21","20,24",
1811,W2R5,"449,00","480,00",/media/bellevtx01/tb2025d/desy-tb-2025/tuning/W2R5_HVC/W2R5_HVC_NTC30C/20250401_122848_threshold_scan_interpreted.h5,HVC,"0,00","0,0",100.0,30.0,5.0,88.0,200.0,80.0,88.0,50.0,50.0,40.0,140.0,255.0,,"17,6",,,,,,0,"0,00",#DIV/0!,,,#DIV/0!,,FALSE,2025-04-05,22:01:10,05.04.2025 22:02:54,05.04.2025 22:33:25,2025-04-05 16:38:14_usbtc08_log.csv,"31,0","29,63",2025-04-05 21:22:08_power_log.csv,"1,8","0,0","0,0","40,0","414,55","0,39","0,2","20,2",
1812,W2R5,"449,00","480,00",/media/bellevtx01/tb2025d/desy-tb-2025/tuning/W2R5_HVC/W2R5_HVC_NTC30C_KEK19/20250405_225632_threshold_scan_interpreted.h5,HVC,"0,00","0,0",60.0,30.0,100.0,88.0,200.0,80.0,88.0,50.0,50.0,40.0,140.0,255.0,"16,3",,,,,,,0,"0,00",#DIV/0!,,,#DIV/0!,,FALSE,2025-04-05,23:14:00,05.04.2025 23:14:27,05.04.2025 23:45:26,2025-04-05 16:38:14_usbtc08_log.csv,"31,0","29,35",2025-04-05 21:22:08_power_log.csv,"1,8","0,0","0,0","40,0","355,84","0,39","0,2","19,0",
1813,W2R5,"449,00","480,00",/media/bellevtx01/tb2025d/desy-tb-2025/tuning/W2R5_HVC/W2R5_HVC_NTC30C_KEK25/20250405_230307_threshold_scan_interpreted.h5,HVC,"0,00","0,0",60.0,50.0,20.0,150.0,200.0,80.0,88.0,50.0,50.0,40.0,140.0,255.0,"22,8",,,,,,,0,"0,00",#DIV/0!,,,#DIV/0!,,FALSE,2025-04-05,23:45:51,05.04.2025 23:46:39,06.04.2025 00:17:20,2025-04-05 16:38:14_usbtc08_log.csv,"31,0","29,35",2025-04-05 21:22:08_power_log.csv,"1,8","0,0","0,0","40,0","355,35","0,39","0,2","18,91",
1814,W2R5,"449,00","480,00",/media/bellevtx01/tb2025d/desy-tb-2025/tuning/W2R5_HVC/20250405_052556_threshold_scan_interpreted.h5,HVC,"0,00","0,0",100.0,30.0,30.0,88.0,200.0,80.0,88.0,50.0,50.0,40.0,140.0,255.0,,"11,6",,,,,,0,"0,00",#DIV/0!,,,#DIV/0!,,FALSE,2025-04-06,00:33:56,06.04.2025 00:34:56,06.04.2025 01:07:18,2025-04-05 16:38:14_usbtc08_log.csv,"24,0","24,45",2025-04-05 21:22:08_power_log.csv,"1,8","0,0","0,0","40,0","414,25","0,3","0,2","11,6",
1815,W2R5,"449,00","480,00",/media/bellevtx01/tb2025d/desy-tb-2025/tuning/W2R5_HVC/20250405_052556_threshold_scan_interpreted.h5,HVC,"0,00","0,0",100.0,30.0,30.0,88.0,200.0,80.0,88.0,50.0,50.0,40.0,140.0,255.0,,11,,,,,,0,"0,00",#DIV/0!,,,#DIV/0!,,FALSE,2025-04-06,01:21:06,06.04.2025 01:21:45,06.04.2025 01:50:35,2025-04-05 16:38:14_usbtc08_log.csv,"18,01","20,07",2025-04-05 21:22:08_power_log.csv,"1,8","0,0","0,0","40,0","413,13","0,3","0,19","7,11",
1816,W2R5,"449,00","480,00",/media/bellevtx01/tb2025d/desy-tb-2025/tuning/W2R5_HVC/20250405_052556_threshold_scan_interpreted.h5,HVC,"0,00","0,0",100.0,30.0,30.0,88.0,200.0,80.0,88.0,50.0,50.0,40.0,140.0,255.0,,"10,4",,,,,,0,"0,00",#DIV/0!,,,#DIV/0!,,FALSE,2025-04-06,02:10:19,06.04.2025 02:10:43,06.04.2025 02:40:07,2025-04-05 16:38:14_usbtc08_log.csv,"11,49","15,33",2025-04-05 21:22:08_power_log.csv,"1,8","0,0","0,0","40,0","411,9","0,3","0,19","4,1",
1817,W2R5,"449,00","480,00",/media/bellevtx01/tb2025d/desy-tb-2025/tuning/W2R5_HVC/20250405_052556_threshold_scan_interpreted.h5,HVC,"0,00","0,0",100.0,30.0,30.0,88.0,200.0,80.0,88.0,50.0,50.0,40.0,140.0,255.0,,"10,1",,,,,,0,"0,00",#DIV/0!,,,#DIV/0!,,FALSE,2025-04-06,03:00:34,06.04.2025 03:01:05,06.04.2025 03:30:34,2025-04-05 16:38:14_usbtc08_log.csv,"3,52","9,65",2025-04-05 21:22:08_power_log.csv,"1,8","0,0","0,0","40,0","410,53","0,3","0,19","2,09",
1819,W2R5,"449,00","480,00",/media/bellevtx01/tb2025d/desy-tb-2025/tuning/W2R5_HVC/20250405_052556_threshold_scan_interpreted.h5,HVC,"0,00","0,0",100.0,30.0,30.0,88.0,200.0,80.0,88.0,50.0,50.0,40.0,140.0,255.0,"16,3",,,,,,,0,"0,00",#DIV/0!,,,#DIV/0!,,FALSE,2025-04-06,04:13:37,06.04.2025 04:14:18,06.04.2025 04:44:01,2025-04-05 16:38:14_usbtc08_log.csv,"31,0","29,44",2025-04-06 04:00:44_power_log.csv,"1,8","0,0","0,0","6,0","415,35","0,4","0,22","18,6",
1820,W2R5,"360,00","448,00",/media/bellevtx01/tb2025d/desy-tb-2025/tuning/W2R5_DCC/20250405_003905_threshold_scan_interpreted.h5,DCC,"675,00","0,0",100.0,50.0,100.0,100.0,200.0,80.0,88.0,50.0,120.0,93.0,228.0,255.0,"28,6",,,,,,,0,"0,00",#DIV/0!,,,#DIV/0!,,FALSE,2025-04-06,04:55:28,06.04.2025 04:56:09,06.04.2025 05:18:10,2025-04-05 16:38:14_usbtc08_log.csv,"31,0","29,53",2025-04-06 04:46:09_power_log.csv,"1,8","6,0","14,0","0,0","408,67","0,7","0,86","19,1",
1822,W2R5,"360,00","448,00",/media/bellevtx01/tb2025d/desy-tb-2025/tuning/W2R5_DCC/20250405_003905_threshold_scan_interpreted.h5,DCC,"675,00","0,0",100.0,50.0,100.0,100.0,200.0,80.0,88.0,50.0,120.0,93.0,228.0,255.0,"28,4",,,,,,,0,"0,00",#DIV/0!,,,#DIV/0!,,FALSE,2025-04-06,05:22:46,06.04.2025 05:23:20,06.04.2025 05:44:54,2025-04-05 16:38:14_usbtc08_log.csv,"31,0","29,49",2025-04-06 05:22:12_power_log.csv,"1,8","6,0","12,0","0,0","408,56","0,7","0,53","19,03",
1823,W2R5,"360,00","448,00",/media/bellevtx01/tb2025d/desy-tb-2025/tuning/W2R5_DCC/20250405_003905_threshold_scan_interpreted.h5,DCC,"675,00","0,0",100.0,50.0,100.0,100.0,200.0,80.0,88.0,50.0,120.0,93.0,228.0,255.0,"28,4",,,,,,,0,"0,00",#DIV/0!,,,#DIV/0!,,FALSE,2025-04-06,05:45:56,06.04.2025 05:47:10,06.04.2025 06:09:04,2025-04-05 16:38:14_usbtc08_log.csv,"31,0","29,48",2025-04-06 05:45:35_power_log.csv,"1,8","6,0","10,0","0,0","408,55","0,7","0,3","19,02",
1824,W2R5,"360,00","448,00",/media/bellevtx01/tb2025d/desy-tb-2025/tuning/W2R5_DCC/20250405_003905_threshold_scan_interpreted.h5,DCC,"675,00","0,0",100.0,50.0,100.0,100.0,200.0,80.0,88.0,50.0,120.0,93.0,228.0,255.0,"28,3",,,,,,,0,"0,00",#DIV/0!,,,#DIV/0!,,FALSE,2025-04-06,06:09:52,06.04.2025 06:11:15,06.04.2025 06:33:02,2025-04-05 16:38:14_usbtc08_log.csv,"31,0","29,48",2025-04-06 06:09:37_power_log.csv,"1,8","6,0","8,0","0,0","408,53","0,7","0,27","18,99",
1825,W2R5,"360,00","448,00",/media/bellevtx01/tb2025d/desy-tb-2025/tuning/W2R5_DCC/20250405_003905_threshold_scan_interpreted.h5,DCC,"675,00","0,0",100.0,50.0,100.0,100.0,200.0,80.0,88.0,50.0,120.0,93.0,228.0,255.0,"28,3",,,,,,,0,"0,00",#DIV/0!,,,#DIV/0!,,FALSE,2025-04-06,06:33:50,06.04.2025 06:35:00,06.04.2025 06:56:46,2025-04-05 16:38:14_usbtc08_log.csv,"31,0","29,45",2025-04-06 06:33:33_power_log.csv,"1,8","6,0","6,0","0,0","408,51","0,7","0,3","18,88",
1827,W2R5,"360,00","448,00",/media/bellevtx01/tb2025d/desy-tb-2025/tuning/W2R5_DCC/20250405_003905_threshold_scan_interpreted.h5,DCC,"675,00","0,0",100.0,50.0,100.0,100.0,200.0,80.0,88.0,50.0,120.0,93.0,228.0,255.0,"28,4",,,,,,,0,"0,00",#DIV/0!,,,#DIV/0!,,FALSE,2025-04-06,06:59:38,06.04.2025 07:00:30,06.04.2025 07:22:55,2025-04-05 16:38:14_usbtc08_log.csv,"31,0","29,45",2025-04-06 06:59:25_power_log.csv,"1,8","6,0","4,0","0,0","408,42","0,7","0,3","18,77",
1828,W2R5,"360,00","448,00",/media/bellevtx01/tb2025d/desy-tb-2025/tuning/W2R5_DCC/20250405_003905_threshold_scan_interpreted.h5,DCC,"675,00","0,0",100.0,50.0,100.0,100.0,200.0,80.0,88.0,50.0,120.0,93.0,228.0,255.0,"28,4",,,,,,,0,"0,00",#DIV/0!,,,#DIV/0!,,FALSE,2025-04-06,07:24:05,06.04.2025 07:24:40,06.04.2025 07:46:37,2025-04-05 16:38:14_usbtc08_log.csv,"31,0","29,48",2025-04-06 07:23:37_power_log.csv,"1,8","6,0","3,0","0,0","408,38","0,7","0,3","18,72",
1829,W2R5,"360,00","448,00",/media/bellevtx01/tb2025d/desy-tb-2025/tuning/W2R5_DCC/20250405_003905_threshold_scan_interpreted.h5,DCC,"675,00","0,0",100.0,50.0,100.0,100.0,200.0,80.0,88.0,50.0,120.0,93.0,228.0,255.0,"28,4",,,,,,,0,"0,00",#DIV/0!,,,#DIV/0!,,FALSE,2025-04-06,07:47:34,06.04.2025 07:48:38,06.04.2025 08:10:41,2025-04-05 16:38:14_usbtc08_log.csv,"31,0","29,46",2025-04-06 07:47:16_power_log.csv,"1,8","6,0","2,0","0,0","408,33","0,7","0,3","18,63",
1833,W2R5,"360,00","448,00",/media/bellevtx01/tb2025d/desy-tb-2025/tuning/W2R5_DCC/20250405_003905_threshold_scan_interpreted.h5,DCC,"675,00","0,0",100.0,50.0,100.0,100.0,200.0,80.0,88.0,50.0,120.0,93.0,228.0,255.0,"28,4",,,,,,,0,"0,00",#DIV/0!,,,#DIV/0!,,FALSE,2025-04-06,08:27:40,06.04.2025 08:28:11,06.04.2025 08:50:48,2025-04-05 16:38:14_usbtc08_log.csv,"31,0","29,52",2025-04-06 08:26:41_power_log.csv,"1,8","6,0","1,0","0,0","408,34","0,7","0,3","18,51",
1834,W2R5,"360,00","448,00",/media/bellevtx01/tb2025d/desy-tb-2025/tuning/W2R5_DCC/20250405_003905_threshold_scan_interpreted.h5,DCC,"675,00","0,0",100.0,50.0,100.0,100.0,200.0,80.0,88.0,50.0,120.0,93.0,228.0,255.0,"28,4",,,,,,,0,"0,00",#DIV/0!,,,#DIV/0!,,FALSE,2025-04-06,08:52:43,06.04.2025 08:53:28,06.04.2025 09:16:37,2025-04-05 16:38:14_usbtc08_log.csv,"31,0","29,56",2025-04-06 08:51:24_power_log.csv,"1,8","6,0","0,0","0,0","408,16","0,7","0,3","18,11",
1840,W2R5,"360,00","448,00",/media/bellevtx01/tb2025d/desy-tb-2025/tuning/W2R5_DCC/20250405_003905_threshold_scan_interpreted.h5,DCC,"675,00","0,0",100.0,50.0,100.0,100.0,200.0,80.0,88.0,50.0,120.0,93.0,228.0,255.0,,"33,6",,,,,,0,"0,00",#DIV/0!,,,#DIV/0!,,FALSE,2025-04-06,12:46:38,06.04.2025 12:47:32,06.04.2025 13:26:17,2025-04-05 16:38:14_usbtc08_log.csv,"38,0","34,94",2025-04-06 10:25:30_power_log.csv,"1,8","6,0","14,0","0,0","412,86","1,0","1,0","33,19",
1841,W2R5,"360,00","448,00",/home/bellevtx01/TB2025_DESY_tuning_LAB/W2R5_TB2025_DESY/Lab measurements/W2R5_DCC/20250331_113541_threshold_scan_interpreted.h5,DCC,"664,00","0,0",100.0,50.0,50.0,100.0,200.0,80.0,88.0,50.0,120.0,93.0,228.0,255.0,,"40,3",,,,,,0,"0,00",#DIV/0!,,,#DIV/0!,,FALSE,2025-04-06,13:29:09,06.04.2025 13:30:43,06.04.2025 13:53:35,2025-04-05 16:38:14_usbtc08_log.csv,"38,0","34,92",2025-04-06 10:25:30_power_log.csv,"1,8","6,0","14,0","0,0","402,33","1,0","1,0","32,66",
1843,W2R5,"360,00","448,00",/media/bellevtx01/tb2025d/desy-tb-2025/tuning/W2R5_DCC/20250405_003905_threshold_scan_interpreted.h5,DCC,"675,00","0,0",100.0,50.0,100.0,100.0,200.0,80.0,88.0,50.0,120.0,93.0,228.0,255.0,,"38,1",,,,,,0,"0,00",#DIV/0!,,,#DIV/0!,,FALSE,2025-04-06,14:10:06,06.04.2025 14:10:34,06.04.2025 14:36:40,2025-04-05 16:38:14_usbtc08_log.csv,"45,0","40,17",2025-04-06 10:25:30_power_log.csv,"1,8","6,0","14,0","0,0","417,44","1,4","1,58","56,36",
1844,W2R5,"360,00","448,00",/media/bellevtx01/tb2025d/desy-tb-2025/tuning/W2R5_DCC/20250405_003905_threshold_scan_interpreted.h5,DCC,"675,00","0,0",100.0,50.0,100.0,100.0,200.0,80.0,88.0,50.0,120.0,93.0,228.0,255.0,,"38,1",,,,,,0,"0,00",#DIV/0!,,,#DIV/0!,,FALSE,2025-04-06,14:42:20,06.04.2025 14:42:44,06.04.2025 15:04:55,2025-04-05 16:38:14_usbtc08_log.csv,"45,0","40,24",2025-04-06 10:25:30_power_log.csv,"1,8","6,0","14,0","0,0","417,49","1,4","1,54","56,44",
1845,W2R5,"360,00","448,00",/home/bellevtx01/TB2025_DESY_tuning_LAB/W2R5_TB2025_DESY/Lab measurements/W2R5_DCC/20250331_144002_threshold_scan_interpreted.h5,DCC,"666,00","0,0",100.0,50.0,60.0,100.0,200.0,80.0,88.0,50.0,120.0,93.0,228.0,255.0,,"44,1",,,,,,0,"0,00",#DIV/0!,,,#DIV/0!,,FALSE,2025-04-06,15:06:12,06.04.2025 15:06:39,06.04.2025 15:30:30,2025-04-05 16:38:14_usbtc08_log.csv,"45,0","40,25",2025-04-06 10:25:30_power_log.csv,"1,8","6,0","14,0","0,0","409,15","1,38","1,5","55,8",
1846,W2R5,"360,00","448,00",/home/bellevtx01/TB2025_DESY_tuning_LAB/W2R5_TB2025_DESY/Lab measurements/W2R5_DCC/20250331_144701_threshold_scan_interpreted.h5,DCC,"666,00","0,0",100.0,50.0,130.0,100.0,200.0,80.0,88.0,50.0,120.0,93.0,228.0,255.0,,"34,7",,,,,,0,"0,00",#DIV/0!,,,#DIV/0!,,FALSE,2025-04-06,15:44:27,06.04.2025 15:45:31,06.04.2025 16:11:35,2025-04-05 16:38:14_usbtc08_log.csv,"45,0","40,31",2025-04-06 10:25:30_power_log.csv,"1,8","6,0","14,0","0,0","422,98","1,4","1,5","56,96",
1847,W2R5,"360,00","448,00",/home/bellevtx01/TB2025_DESY_tuning_LAB/W2R5_TB2025_DESY/Lab measurements/W2R5_DCC/20250331_144701_threshold_scan_interpreted.h5,DCC,"666,00","0,0",100.0,50.0,20.0,100.0,200.0,80.0,88.0,50.0,120.0,93.0,228.0,255.0,,"55,1",,,,,,0,"0,00",#DIV/0!,,,#DIV/0!,,FALSE,2025-04-06,16:43:14,06.04.2025 16:43:46,06.04.2025 17:06:13,2025-04-05 16:38:14_usbtc08_log.csv,"45,0","40,19",2025-04-06 10:25:30_power_log.csv,"1,8","6,0","14,0","0,0","399,06","1,3","1,1","54,66",
1849,W2R5,"360,00","448,00",/home/bellevtx01/TB2025_DESY_tuning_LAB/W2R5_TB2025_DESY/Lab measurements/W2R5_DCC/20250331_144701_threshold_scan_interpreted.h5,DCC,"666,00","0,0",100.0,50.0,5.0,100.0,200.0,80.0,88.0,50.0,120.0,93.0,228.0,255.0,,"64,7",,,,,,0,"0,00",#DIV/0!,,,#DIV/0!,,FALSE,2025-04-06,17:10:46,06.04.2025 17:11:09,06.04.2025 17:33:03,2025-04-05 16:38:14_usbtc08_log.csv,"45,0","40,27",2025-04-06 17:08:52_power_log.csv,"1,8","6,0","14,0","0,0","394,66","1,3","1,13","54,46",
1850,W2R5,"360,00","448,00",/media/bellevtx01/tb2025d/desy-tb-2025/tuning/W2R5_DCC/20250405_003905_threshold_scan_interpreted.h5,DCC,"675,00","0,0",100.0,50.0,20.0,100.0,200.0,80.0,88.0,50.0,120.0,93.0,228.0,255.0,,"46,8",,,,,,0,"0,00",#DIV/0!,,,#DIV/0!,,FALSE,2025-04-06,17:43:44,06.04.2025 17:44:07,06.04.2025 18:05:49,2025-04-05 16:38:14_usbtc08_log.csv,"37,99","35,12",2025-04-06 17:08:52_power_log.csv,"1,8","6,0","14,0","0,0","394,96","0,98","0,7","32,36",
1851,W2R5,"360,00","448,00",/media/bellevtx01/tb2025d/desy-tb-2025/tuning/W2R5_DCC/20250405_003905_threshold_scan_interpreted.h5,DCC,"675,00","0,0",100.0,50.0,5.0,100.0,200.0,80.0,88.0,50.0,120.0,93.0,228.0,255.0,,"54,3",,,,,,0,"0,00",#DIV/0!,,,#DIV/0!,,FALSE,2025-04-06,18:06:21,06.04.2025 18:06:50,06.04.2025 18:28:29,2025-04-05 16:38:14_usbtc08_log.csv,"38,0","35,03",2025-04-06 17:08:52_power_log.csv,"1,8","6,0","14,0","0,0","390,47","0,94","0,7","32,06",
1852,W2R5,"360,00","448,00",/media/bellevtx01/tb2025d/desy-tb-2025/tuning/W2R5_DCC/20250405_003905_threshold_scan_interpreted.h5,DCC,"675,00","0,0",100.0,50.0,40.0,100.0,200.0,80.0,88.0,50.0,120.0,93.0,228.0,255.0,,"28,8",,,,,,0,"0,00",#DIV/0!,,,#DIV/0!,,FALSE,2025-04-06,18:37:27,06.04.2025 18:37:53,06.04.2025 18:59:44,2025-04-05 16:38:14_usbtc08_log.csv,"30,99","29,83",2025-04-06 17:08:52_power_log.csv,"1,8","6,0","14,0","0,0","395,81","0,7","0,3","18,83",
1853,W2R5,"360,00","448,00",/media/bellevtx01/tb2025d/desy-tb-2025/tuning/W2R5_DCC/20250405_003905_threshold_scan_interpreted.h5,DCC,"675,00","0,0",100.0,50.0,60.0,100.0,200.0,80.0,88.0,50.0,120.0,93.0,228.0,255.0,,"32,6",,,,,,0,"0,00",#DIV/0!,,,#DIV/0!,,FALSE,2025-04-06,19:00:08,06.04.2025 19:00:35,06.04.2025 19:22:40,2025-04-05 16:38:14_usbtc08_log.csv,"31,0","29,74",2025-04-06 17:08:52_power_log.csv,"1,8","6,0","14,0","0,0","400,38","0,7","0,3","18,9",
1855,W2R5,"360,00","448,00",/media/bellevtx01/tb2025d/desy-tb-2025/tuning/W2R5_DCC/20250405_003905_threshold_scan_interpreted.h5,DCC,"675,00","0,0",100.0,50.0,100.0,100.0,200.0,80.0,88.0,50.0,120.0,93.0,228.0,255.0,,"28,1",,,,,,0,"0,00",#DIV/0!,,,#DIV/0!,,FALSE,2025-04-06,22:22:05,06.04.2025 22:25:42,06.04.2025 22:32:14,2025-04-05 16:38:14_usbtc08_log.csv,"24,95","25,02",2025-04-06 22:19:55_power_log.csv,"1,8","6,0","14,0","0,0","404,68","0,6","0,3","11,65",
1857,W2R5,"360,00","448,00",/media/bellevtx01/tb2025d/desy-tb-2025/tuning/W2R5_DCC/20250405_003905_threshold_scan_interpreted.h5,DCC,"675,00","0,0",100.0,50.0,100.0,100.0,200.0,80.0,88.0,50.0,120.0,93.0,228.0,255.0,,"28,1",,,,,,0,"0,00",#DIV/0!,,,#DIV/0!,,FALSE,2025-04-06,22:37:25,06.04.2025 22:37:42,06.04.2025 22:59:43,2025-04-05 16:38:14_usbtc08_log.csv,"25,0","25,07",2025-04-06 22:19:55_power_log.csv,"1,8","6,0","14,0","0,0","404,7","0,6","0,22","11,72",
1859,W2R5,"360,00","448,00",/media/bellevtx01/tb2025d/desy-tb-2025/tuning/W2R5_DCC/20250405_003905_threshold_scan_interpreted.h5,DCC,"675,00","0,0",100.0,50.0,100.0,100.0,200.0,80.0,88.0,50.0,120.0,93.0,228.0,255.0,,"26,6",,,,,,0,"0,00",#DIV/0!,,,#DIV/0!,,FALSE,2025-04-06,23:10:33,06.04.2025 23:10:59,06.04.2025 23:32:19,2025-04-05 16:38:14_usbtc08_log.csv,"18,0","20,01",2025-04-06 23:10:05_power_log.csv,"1,8","6,0","14,0","0,0","400,52","0,49","0,1","6,61",
1860,W2R5,"360,00","448,00",/media/bellevtx01/tb2025d/desy-tb-2025/tuning/W2R5_DCC/20250405_003905_threshold_scan_interpreted.h5,DCC,"675,00","0,0",100.0,50.0,100.0,100.0,200.0,80.0,88.0,50.0,120.0,93.0,228.0,255.0,,"25,4",,,,,,0,"0,00",#DIV/0!,,,#DIV/0!,,FALSE,2025-04-06,23:43:15,06.04.2025 23:43:34,07.04.2025 00:05:39,2025-04-05 16:38:14_usbtc08_log.csv,"11,02","14,93",2025-04-06 23:10:05_power_log.csv,"1,8","6,0","14,0","0,0","396,22","0,4","0,02","3,66",
1863,W2R5,"360,00","448,00",/media/bellevtx01/tb2025d/desy-tb-2025/tuning/W2R5_DCC/20250405_003905_threshold_scan_interpreted.h5,DCC,"675,00","0,0",100.0,50.0,100.0,100.0,200.0,80.0,88.0,50.0,120.0,93.0,228.0,255.0,,"24,4",,,,,,0,"0,00",#DIV/0!,,,#DIV/0!,,FALSE,2025-04-07,00:22:25,07.04.2025 00:22:44,07.04.2025 00:45:01,2025-04-05 16:38:14_usbtc08_log.csv,"4,0","9,89",2025-04-07 00:21:39_power_log.csv,"1,8","6,0","14,0","0,0","391,7","0,3","0,03","1,99",
1868,W2R5,"380,00","448,00",/media/bellevtx01/tb2025d/desy-tb-2025/tuning/W2R5_DCC/20250405_003905_threshold_scan_interpreted.h5,DCC,"513,00","0,0",100.0,50.0,100.0,100.0,200.0,80.0,88.0,50.0,120.0,93.0,228.0,255.0,,"24,4",,,,,,0,"0,00",#DIV/0!,,,#DIV/0!,,FALSE,2025-04-07,10:56:56,07.04.2025 10:57:24,07.04.2025 11:36:45,2025-04-05 16:38:14_usbtc08_log.csv,"4,0","9,70",2025-04-07 10:01:42_power_log.csv,"1,8","6,0","14,0","0,0","386,51","0,3","0,0","1,94",
1873,W2R5,"380,00","448,00",/media/bellevtx01/tb2025d/desy-tb-2025/tuning/W2R5_DCC/20250405_003905_threshold_scan_interpreted.h5,DCC,"513,00","0,0",100.0,50.0,100.0,100.0,200.0,80.0,88.0,50.0,120.0,93.0,228.0,255.0,,"24,4",,,,,,0,"0,00",#DIV/0!,,,#DIV/0!,,FALSE,2025-04-07,13:13:57,,,2025-04-05 16:38:14_usbtc08_log.csv,"4,0","9,75",2025-04-07 10:01:42_power_log.csv,"1,8","6,0","14,0","0,0","386,43","0,3","0,0","1,95",
1874,W2R5,"380,00","448,00",/media/bellevtx01/tb2025d/desy-tb-2025/tuning/W2R5_DCC/20250405_003905_threshold_scan_interpreted.h5,DCC,"513,00","0,0",100.0,50.0,100.0,100.0,200.0,80.0,88.0,50.0,120.0,93.0,228.0,255.0,,"24,4",,,,,,0,"0,00",#DIV/0!,,,#DIV/0!,,FALSE,2025-04-07,13:18:37,,,2025-04-05 16:38:14_usbtc08_log.csv,"4,0","9,75",2025-04-07 10:01:42_power_log.csv,"1,8","6,0","14,0","0,0","386,47","0,3","0,0","1,95",
1875,W2R5,"380,00","448,00",/media/bellevtx01/tb2025d/desy-tb-2025/tuning/W2R5_DCC/20250405_003905_threshold_scan_interpreted.h5,DCC,"513,00","0,0",100.0,50.0,100.0,100.0,200.0,80.0,88.0,50.0,120.0,93.0,228.0,255.0,,"24,4",,,,,,0,"0,00",#DIV/0!,,,#DIV/0!,,FALSE,2025-04-07,14:19:46,,,2025-04-05 16:38:14_usbtc08_log.csv,"4,0","9,75",2025-04-07 10:01:42_power_log.csv,"1,8","6,0","14,0","0,0","386,42","0,3","0,0","1,95",
1876,W2R5,"380,00","448,00",/media/bellevtx01/tb2025d/desy-tb-2025/tuning/W2R5_DCC/20250405_003905_threshold_scan_interpreted.h5,DCC,"513,00","0,0",100.0,50.0,100.0,100.0,200.0,80.0,88.0,50.0,120.0,93.0,228.0,255.0,,"28,4",,,,,,0,"0,00",#DIV/0!,,,#DIV/0!,,FALSE,2025-04-07,16:29:44,,,2025-04-05 16:38:14_usbtc08_log.csv,"31,01","29,47",2025-04-07 10:01:42_power_log.csv,"1,8","6,0","14,0","0,0","402,84","0,7","0,4","18,8",
1877,W2R5,"380,00","448,00",/media/bellevtx01/tb2025d/desy-tb-2025/tuning/W2R5_DCC/20250405_003905_threshold_scan_interpreted.h5,DCC,"513,00","0,0",100.0,50.0,100.0,100.0,200.0,80.0,88.0,50.0,120.0,93.0,228.0,255.0,,,,,,,,0,"0,00",#DIV/0!,,,#DIV/0!,,FALSE,2025-04-07,17:06:44,07.04.2025 17:07:12,07.04.2025 17:29:14,2025-04-05 16:38:14_usbtc08_log.csv,"38,01","34,91",2025-04-07 10:01:42_power_log.csv,"1,8","6,0","14,0","0,0","407,25","0,97","0,7","32,69",
1878,W2R5,"380,00","448,00",/media/bellevtx01/tb2025d/desy-tb-2025/tuning/W2R5_DCC/20250405_003905_threshold_scan_interpreted.h5,DCC,"513,00","0,0",100.0,50.0,100.0,100.0,200.0,80.0,88.0,50.0,120.0,93.0,228.0,255.0,,,,,,,,0,"0,00",#DIV/0!,,,#DIV/0!,,FALSE,2025-04-07,17:36:19,07.04.2025 17:36:49,07.04.2025 18:00:24,2025-04-05 16:38:14_usbtc08_log.csv,"45,0","40,22",2025-04-07 10:01:42_power_log.csv,"1,8","6,0","14,0","0,0","411,69","1,3","1,1","55,58",
1884,W8R6,"224,00","448,00",/media/bellevtx01/tb2025d/desy-tb-2025/tuning/W8R6_DCC/W8R6_DCC_TNTC_30C/20250402_204214_threshold_scan_interpreted.h5,DCC,"1.866,00","156,0",100.0,64.0,10.0,100.0,250.0,80.0,88.0,50.0,143.0,93.0,205.0,255.0,,"27,4","27,6","27,6",38,"0,6","3,4","32,8","6,21","5,28",100,102023,"9,04E-03",20250701_083440,TRUE,2025-04-08,09:28:23,08.04.2025 09:30:08,08.04.2025 09:50:04,2025-04-08 08:56:34_usbtc08_log.csv,"30,5","29,48",2025-04-08 08:54:25_power_log.csv,"1,8","6,0","14,0","0,0","383,78","1,0","0,7","39,59",
1885,W8R6,"224,00","448,00",/media/bellevtx01/tb2025d/desy-tb-2025/tuning/W8R6_DCC/W8R6_DCC_TNTC_30C/20250402_204214_threshold_scan_interpreted.h5,DCC,"1.866,00","156,0",100.0,64.0,10.0,100.0,250.0,80.0,88.0,50.0,143.0,93.0,205.0,255.0,,"27,4","27,6","27,6",38,"0,6","3,4","32,8","6,21","5,28",100,102023,"9,04E-03",20250701_083440,TRUE,2025-04-08,09:50:20,08.04.2025 09:50:48,08.04.2025 10:13:03,2025-04-08 08:56:34_usbtc08_log.csv,"30,5","29,52",2025-04-08 08:54:25_power_log.csv,"1,8","6,0","14,0","0,0","383,79","1,0","0,7","39,66",
1886,W8R6,"224,00","448,00",/media/bellevtx01/tb2025d/desy-tb-2025/tuning/W8R6_DCC/W8R6_Max2/W8R6_DCC_30C_THR25_Max2/20250406_165450_threshold_scan_interpreted.h5,DCC,"1.340,00","1,0",100.0,64.0,40.0,100.0,250.0,80.0,88.0,50.0,120.0,93.0,200.0,255.0,,25,24,24,"34,6","0,6","3,16","29,3","6,17","4,75",300,486466,"1,43E-02",20250704_110332,TRUE,2025-04-08,10:14:38,08.04.2025 10:15:19,08.04.2025 10:35:18,2025-04-08 08:56:34_usbtc08_log.csv,"30,5","29,53",2025-04-08 08:54:25_power_log.csv,"1,8","6,0","14,0","0,0","383,78","1,0","0,7","39,69",
1887,W8R6,"224,00","448,00",/media/bellevtx01/tb2025d/desy-tb-2025/tuning/W8R6_DCC/W8R6_Max2/W8R6_DCC_30C_THR27_Max2/20250406_163451_threshold_scan_interpreted.h5,DCC,"989,00","0,0",100.0,64.0,25.0,100.0,250.0,80.0,88.0,50.0,120.0,93.0,200.0,255.0,,27,"26,2","26,2","36,8","0,6","3,20","31,5","6,19","5,09","300,00","116607,00","3,42E-03",20250704_112435,TRUE,2025-04-08,10:38:31,08.04.2025 10:39:02,08.04.2025 10:58:31,2025-04-08 08:56:34_usbtc08_log.csv,"30,5","29,65",2025-04-08 08:54:25_power_log.csv,"1,8","6,0","14,0","0,0","410,09","1,0","0,7","42,08",
1888,W8R6,"224,00","448,00",/media/bellevtx01/tb2025d/desy-tb-2025/tuning/W8R6_DCC/W8R6_Max2/W8R6_DCC_30C_THR30_Max2/20250406_194015_threshold_scan_interpreted.h5,DCC,"720,00","0,0",100.0,64.0,10.0,100.0,250.0,80.0,88.0,50.0,120.0,93.0,200.0,255.0,,30,"29,3","29,3","40,1","0,6","3,25","34,7","6,30","5,51",300,30590,"8,95E-04",20250704_114624,TRUE,2025-04-08,11:01:27,08.04.2025 11:01:58,08.04.2025 11:22:40,2025-04-08 08:56:34_usbtc08_log.csv,"30,5","29,59",2025-04-08 08:54:25_power_log.csv,"1,8","6,0","14,0","0,0","396,2","1,0","0,7","40,67",
1889,W8R6,"224,00","448,00",/media/bellevtx01/tb2025d/desy-tb-2025/tuning/W8R6_DCC/W8R6_DCC_TNTC_30C/20250402_204214_threshold_scan_interpreted.h5,DCC,"1.866,00","156,0",100.0,64.0,10.0,100.0,250.0,80.0,88.0,50.0,143.0,93.0,205.0,255.0,,"32,3","31,7","31,7","43,2","0,8","4,1","37,45","7,06","5,30",300,512323,"1,51E-02",20250829_165904,TRUE,2025-04-08,11:49:39,08.04.2025 11:50:04,08.04.2025 12:12:32,2025-04-08 08:56:34_usbtc08_log.csv,"38,0","35,44",2025-04-08 08:54:25_power_log.csv,"1,8","6,0","14,0","0,0","391,86","1,5","1,0","71,37",
1890,W8R6,"224,00","448,00",/media/bellevtx01/tb2025d/desy-tb-2025/tuning/W8R6_DCC/W8R6_Max2/W8R6_DCC_35C_THR37_Max2/20250407_162438_threshold_scan_interpreted.h5,DCC,"186,00","1,0",100.0,64.0,12.0,100.0,250.0,80.0,88.0,50.0,120.0,93.0,200.0,255.0,,37,"36,9","36,9","48,8","0,7","3,94","42,85","7,14","6,00",300,64321,"1,87E-03",20250704_150318,TRUE,2025-04-08,12:14:36,08.04.2025 12:15:00,08.04.2025 12:34:13,2025-04-08 08:56:34_usbtc08_log.csv,"38,0","35,50",2025-04-08 08:54:25_power_log.csv,"1,8","6,0","14,0","0,0","391,78","1,5","1,08","71,54",
1894,W8R6,"224,00","448,00",/media/bellevtx01/tb2025d/desy-tb-2025/tuning/W8R6_DCC/W8R6_DCC_TNTC_30C/20250402_204214_threshold_scan_interpreted.h5,DCC,"1.866,00","156,0",100.0,64.0,10.0,100.0,250.0,80.0,88.0,50.0,143.0,93.0,205.0,255.0,,"38,5","37,63","37,63","50,52","1,16","4,79","44,075","8,03","5,49",300,392148,"1,16E-02",20250915_153059,TRUE,2025-04-08,14:28:05,08.04.2025 14:28:30,08.04.2025 14:45:53,2025-04-08 08:56:34_usbtc08_log.csv,"44,0","40,32",2025-04-08 14:27:46_power_log.csv,"1,8","6,0","14,0","0,0","398,81","2,1","1,86","114,18",
1895,W8R6,"224,00","448,00",/media/bellevtx01/tb2025d/desy-tb-2025/tuning/W8R6_DCC/W8R6_Max2/W8R6_DCC_40C_THR37_Max2/20250406_230222_threshold_scan_interpreted.h5,DCC,"253,00","0,0",100.0,64.0,60.0,100.0,250.0,80.0,88.0,50.0,120.0,93.0,200.0,255.0,,37,"36,1","36,1",48,1,"4,37","42,05","7,38","5,70",300,1852358,"5,40E-02",20250704_161107,TRUE,2025-04-08,14:48:10,08.04.2025 14:48:38,08.04.2025 15:06:50,2025-04-08 08:56:34_usbtc08_log.csv,"44,0","40,49",2025-04-08 14:27:46_power_log.csv,"1,8","6,0","14,0","0,0","443,76","2,25","2,0","126,59",
1896,W8R6,"224,00","448,00",/media/bellevtx01/tb2025d/desy-tb-2025/tuning/W8R6_DCC/W8R6_DCC_TNTC_25C/20250402_184845_threshold_scan_interpreted.h5,DCC,"1.866,00","156,0",100.0,64.0,10.0,100.0,250.0,80.0,88.0,50.0,143.0,93.0,205.0,255.0,,,"22,8","22,8","31,5","0,5","2,39","27,15","4,96","5,47",300,130554,"3,86E-03",20250909_114137,TRUE,2025-04-08,15:33:46,08.04.2025 15:38:07,08.04.2025 15:56:22,2025-04-08 08:56:34_usbtc08_log.csv,"17,32","19,51",2025-04-08 14:27:46_power_log.csv,"1,8","6,0","14,0","0,0","371,55","0,6","0,3","13,8",
1897,W8R6,"224,00","448,00",/media/bellevtx01/tb2025d/desy-tb-2025/tuning/W8R6_DCC/W8R6_Max2/W8R6_DCC_20C_THR25_Max2/20250406_180034_threshold_scan_interpreted.h5,DCC,"386,00","0,0",100.0,64.0,8.0,100.0,250.0,80.0,88.0,50.0,120.0,93.0,200.0,255.0,,25,"24,9","24,9","34,3","0,5","2,39","29,6","5,27","5,61",300,16114745,"4,70E-01",20250704_180800,TRUE,2025-04-08,15:57:12,08.04.2025 15:57:36,08.04.2025 16:19:23,2025-04-08 08:56:34_usbtc08_log.csv,"17,3","19,43",2025-04-08 14:27:46_power_log.csv,"1,8","6,0","14,0","0,0","389,59","0,61","0,3","14,21",
1898,W8R6,"224,00","448,00",/media/bellevtx01/tb2025d/desy-tb-2025/tuning/W8R6_DCC/W8R6_Max2/W8R6_DCC_10C_THR25_Max2/20250406_185954_threshold_scan_interpreted.h5,DCC,"110,00","0,0",100.0,64.0,0.0,100.0,250.0,80.0,88.0,50.0,120.0,93.0,200.0,255.0,,25,"24,9","24,9","32,9","0,4","1,83","28,9","4,40","6,57",300,326328,"9,49E-03",20250909_162428,TRUE,2025-04-08,16:24:05,08.04.2025 16:49:41,08.04.2025 17:17:37,2025-04-08 08:56:34_usbtc08_log.csv,"4,78","9,84",2025-04-08 14:27:46_power_log.csv,"1,8","6,0","14,0","0,0","375,71","0,4","0,1","4,89",
1902,W8R6,"448,00","480,00",/media/bellevtx01/tb2025d/desy-tb-2025/tuning/W8R6_HVC/W8R6_HVC_30C/20250316_151915_threshold_scan_interpreted.h5,HVC,"31,00","31,0",100.0,30.0,30.0,100.0,250.0,80.0,88.0,50.0,50.0,40.0,140.0,255.0,,,"13,6","13,1","16,8","0,3","1,8","14,95","2,58","5,79",300,3491,"7,12E-04",20250905_171221,TRUE,2025-04-08,18:29:29,08.04.2025 18:34:32,08.04.2025 19:03:53,2025-04-08 08:56:34_usbtc08_log.csv,"31,04","30,10",2025-04-08 18:18:44_power_log.csv,"1,8","0,0","0,0","40,0","406,72","0,6","0,2","45,59",similar temperature run 1902 and 2089
1903,W8R6,"448,00","480,00",/media/bellevtx01/tb2025d/desy-tb-2025/tuning/W8R6_HVC/W8R6_HVC_30C/20250316_151915_threshold_scan_interpreted.h5,HVC,"31,00","31,0",100.0,30.0,30.0,100.0,250.0,80.0,88.0,50.0,50.0,40.0,140.0,255.0,,,"18,7","17,93","22,11","0,6","2,69","20,02","3,41","5,88",300,21166,"4,31E-03",20250916_102730,TRUE,2025-04-08,19:04:55,08.04.2025 19:23:35,08.04.2025 19:53:59,2025-04-08 08:56:34_usbtc08_log.csv,"44,03","40,23",2025-04-08 18:18:44_power_log.csv,"1,8","0,0","0,0","40,0","410,77","1,0","0,3","121,65",same as 1903
1904,W8R6,"448,00","480,00",/media/bellevtx01/tb2025d/desy-tb-2025/tuning/W8R6_HVC/W8R6_HVC_35C/20250404_074650_threshold_scan_interpreted.h5,HVC,"544,00","32,0",100.0,30.0,50.0,100.0,250.0,80.0,88.0,50.0,50.0,40.0,140.0,255.0,,,"13,7","13,1","16,9","0,4","2,04",15,"2,79","5,38",300,78210,"1,65E-02",20250702_171744,TRUE,2025-04-08,19:57:49,08.04.2025 20:05:15,08.04.2025 20:43:42,2025-04-08 08:56:34_usbtc08_log.csv,"36,01","34,11",2025-04-08 18:18:44_power_log.csv,"1,8","0,0","0,0","40,0","409,31","0,7","0,23","67,12",
1905,W8R6,"448,00","480,00",/media/bellevtx01/tb2025d/desy-tb-2025/tuning/W8R6_HVC/W8R6_HVC_30C/20250316_151915_threshold_scan_interpreted.h5,HVC,"31,00","31,0",100.0,30.0,30.0,100.0,250.0,80.0,88.0,50.0,50.0,40.0,140.0,255.0,,,"18,7","17,93","22,11","0,6","2,69","20,02","3,41","5,88",300,21166,"4,31E-03",20250916_102730,TRUE,2025-04-08,20:45:17,08.04.2025 20:56:44,08.04.2025 21:29:30,2025-04-08 08:56:34_usbtc08_log.csv,"44,0","40,31",2025-04-08 18:18:44_power_log.csv,"1,8","0,0","0,0","40,0","410,78","1,0","0,26","121,44",same as 1895
1906,W8R6,"448,00","480,00",/media/bellevtx01/tb2025d/desy-tb-2025/tuning/W8R6_HVC/W8R6_HVC_40C/20250404_104051_noise_occupancy_scan_interpreted.h5,HVC,"562,00","32,0",100.0,30.0,90.0,100.0,250.0,80.0,88.0,50.0,50.0,40.0,140.0,255.0,,,"14,97","14,22","18,3","0,72","2,61","16,26","3,31","4,91",300,3410536,"7,19E-01",20250916_112403,TRUE,2025-04-08,21:30:14,08.04.2025 21:31:18,08.04.2025 22:01:40,2025-04-08 20:51:34_usbtc08_log.csv,"44,0","40,31",2025-04-08 18:18:44_power_log.csv,"1,8","0,0","0,0","40,0","413,94","1,0","0,27","123,04",
1912,W2R5,"360,00","448,00",/media/bellevtx01/tb2025d/desy-tb-2025/tuning/W2R5_DCC/20250405_003905_threshold_scan_interpreted.h5,DCC,"675,00","0,0",100.0,50.0,100.0,100.0,200.0,80.0,88.0,50.0,120.0,93.0,228.0,255.0,,"28,4",,,,,,0,"0,00",#DIV/0!,,,#DIV/0!,,FALSE,2025-04-09,01:17:33,09.04.2025 01:18:19,09.04.2025 01:40:49,2025-04-09 01:04:01_usbtc08_log.csv,"31,0","29,43",2025-04-09 01:03:23_power_log.csv,"1,8","6,0","14,0","0,0","408,69","0,7","0,3","18,85",
1913,W2R5,"360,00","448,00",/media/bellevtx01/tb2025d/desy-tb-2025/tuning/W2R5_DCC/20250405_003905_threshold_scan_interpreted.h5,DCC,"675,00","0,0",100.0,50.0,100.0,100.0,200.0,80.0,88.0,50.0,120.0,93.0,228.0,255.0,,"28,4",,,,,,0,"0,00",#DIV/0!,,,#DIV/0!,,FALSE,2025-04-09,01:41:53,09.04.2025 01:42:50,09.04.2025 02:05:30,2025-04-09 01:04:01_usbtc08_log.csv,"31,0","29,48",2025-04-09 01:41:29_power_log.csv,"1,8","6,0","0,0","0,0","407,29","0,7","0,2","14,65",
1915,W2R5,"360,00","448,00",/media/bellevtx01/tb2025d/desy-tb-2025/tuning/W2R5_DCC/20250405_003905_threshold_scan_interpreted.h5,DCC,"675,00","0,0",100.0,50.0,100.0,100.0,200.0,80.0,88.0,50.0,120.0,93.0,228.0,255.0,,"33,6",,,,,,0,"0,00",#DIV/0!,,,#DIV/0!,,FALSE,2025-04-09,02:11:53,09.04.2025 02:19:13,09.04.2025 02:41:25,2025-04-09 01:04:01_usbtc08_log.csv,"38,0","34,65",2025-04-09 02:09:24_power_log.csv,"1,8","6,0","14,0","0,0","413,07","0,97","0,71","32,55",
1916,W2R5,"360,00","448,00",/media/bellevtx01/tb2025d/desy-tb-2025/tuning/W2R5_DCC/20250405_003905_threshold_scan_interpreted.h5,DCC,"675,00","0,0",100.0,50.0,100.0,100.0,200.0,80.0,88.0,50.0,120.0,93.0,228.0,255.0,,"38,1",,,,,,0,"0,00",#DIV/0!,,,#DIV/0!,,FALSE,2025-04-09,02:51:23,09.04.2025 02:52:42,09.04.2025 03:17:00,2025-04-09 01:04:01_usbtc08_log.csv,"45,0","39,97",2025-04-09 02:09:24_power_log.csv,"1,8","6,0","14,0","0,0","417,49","1,3","1,0","55,37",
1917,W2R5,"360,00","448,00",/media/bellevtx01/tb2025d/desy-tb-2025/tuning/W2R5_DCC/20250405_003905_threshold_scan_interpreted.h5,DCC,"675,00","0,0",100.0,50.0,100.0,100.0,200.0,80.0,88.0,50.0,120.0,93.0,228.0,255.0,,"44,8",,,,,,0,"0,00",#DIV/0!,,,#DIV/0!,,FALSE,2025-04-09,03:27:03,09.04.2025 03:32:33,09.04.2025 03:54:34,2025-04-09 01:04:01_usbtc08_log.csv,"52,0","45,36",2025-04-09 02:09:24_power_log.csv,"1,8","6,0","14,0","0,0","422,03","1,8","1,41","92,68",
1918,W2R5,"360,00","448,00",/media/bellevtx01/tb2025d/desy-tb-2025/tuning/W2R5_DCC/W2R5_45C_ICASN50/20250409_035728_threshold_scan_interpreted.h5,DCC,"675,00","0,0",100.0,50.0,50.0,100.0,200.0,80.0,88.0,50.0,120.0,93.0,228.0,255.0,,"54,8",,,,,,0,"0,00",#DIV/0!,,,#DIV/0!,,FALSE,2025-04-09,04:14:12,09.04.2025 04:15:01,09.04.2025 04:37:00,2025-04-09 01:04:01_usbtc08_log.csv,"52,0","45,42",2025-04-09 02:09:24_power_log.csv,"1,8","6,0","14,0","0,0","411,15","1,8","1,4","91,34",
1919,W2R5,"360,00","448,00",/media/bellevtx01/tb2025d/desy-tb-2025/tuning/W2R5_DCC/W2R5_45C_ICASN20/20250409_040123_threshold_scan_interpreted.h5,DCC,"675,00","0,0",100.0,50.0,20.0,100.0,200.0,80.0,88.0,50.0,120.0,93.0,228.0,255.0,,"65,1",,,,,,0,"0,00",#DIV/0!,,,#DIV/0!,,FALSE,2025-04-09,04:37:46,09.04.2025 04:38:29,09.04.2025 05:00:58,2025-04-09 01:04:01_usbtc08_log.csv,"52,0","45,39",2025-04-09 02:09:24_power_log.csv,"1,8","6,0","14,0","0,0","403,52","1,8","1,4","90,26",
1920,W2R5,"360,00","448,00",/media/bellevtx01/tb2025d/desy-tb-2025/tuning/W2R5_DCC/W2R5_45C_ICASN120/20250409_040445_threshold_scan_interpreted.h5,DCC,"675,00","0,0",100.0,50.0,120.0,100.0,200.0,80.0,88.0,50.0,120.0,93.0,228.0,255.0,,"43,9",,,,,,0,"0,00",#DIV/0!,,,#DIV/0!,,FALSE,2025-04-09,05:01:32,09.04.2025 05:02:39,09.04.2025 05:25:16,2025-04-09 01:04:01_usbtc08_log.csv,"52,0","45,45",2025-04-09 02:09:24_power_log.csv,"1,8","6,0","14,0","0,0","425,93","1,8","1,4","93,12",
1921,W2R5,"360,00","448,00",/media/bellevtx01/tb2025d/desy-tb-2025/tuning/W2R5_DCC/20250405_003905_threshold_scan_interpreted.h5,DCC,"675,00","0,0",100.0,50.0,100.0,100.0,200.0,80.0,88.0,50.0,120.0,93.0,228.0,255.0,,"49,3",,,,,,0,"0,00",#DIV/0!,,,#DIV/0!,,FALSE,2025-04-09,05:33:33,09.04.2025 05:34:06,09.04.2025 05:56:09,2025-04-09 01:04:01_usbtc08_log.csv,"54,0","46,93",2025-04-09 02:09:24_power_log.csv,"1,8","6,0","14,0","0,0","423,39","2,1","1,72","107,18",
1922,W2R5,"360,00","448,00",/media/bellevtx01/tb2025d/desy-tb-2025/tuning/W2R5_DCC/20250405_003905_threshold_scan_interpreted.h5,DCC,"675,00","0,0",100.0,50.0,100.0,100.0,200.0,80.0,88.0,50.0,120.0,93.0,228.0,255.0,,"49,3",,,,,,0,"0,00",#DIV/0!,,,#DIV/0!,,FALSE,2025-04-09,05:56:44,09.04.2025 05:57:22,09.04.2025 06:19:12,2025-04-09 01:04:01_usbtc08_log.csv,"54,0","46,98",2025-04-09 02:09:24_power_log.csv,"1,8","6,0","14,0","0,0","423,46","2,1","1,7","107,23",
1923,W2R5,"360,00","448,00",/media/bellevtx01/tb2025d/desy-tb-2025/tuning/W2R5_DCC/20250405_003905_threshold_scan_interpreted.h5,DCC,"675,00","0,0",100.0,50.0,100.0,100.0,200.0,80.0,88.0,50.0,120.0,93.0,228.0,255.0,,"57,8",,,,,,0,"0,00",#DIV/0!,,,#DIV/0!,,FALSE,2025-04-09,06:35:48,09.04.2025 06:36:49,09.04.2025 06:58:53,2025-04-09 01:04:01_usbtc08_log.csv,"58,0","50,07",2025-04-09 02:09:24_power_log.csv,"1,8","6,0","14,0","0,0","426,48","2,51","2,18","143,15",
1924,W2R5,"360,00","448,00",/media/bellevtx01/tb2025d/desy-tb-2025/tuning/W2R5_DCC/W2R5_45C_ICASN80/20250409_040909_threshold_scan_interpreted.h5,DCC,"675,00","0,0",100.0,50.0,80.0,100.0,200.0,80.0,88.0,50.0,120.0,93.0,228.0,255.0,,"62,3",,,,,,0,"0,00",#DIV/0!,,,#DIV/0!,,FALSE,2025-04-09,07:00:01,09.04.2025 07:00:26,09.04.2025 07:20:56,2025-04-09 01:04:01_usbtc08_log.csv,"58,0","50,12",2025-04-09 02:09:24_power_log.csv,"1,8","6,0","14,0","0,0","422,22","2,52","2,22","142,44",
1925,W2R5,"360,00","448,00",/media/bellevtx01/tb2025d/desy-tb-2025/tuning/W2R5_DCC/W2R5_45C_ICASN120/20250409_040445_threshold_scan_interpreted.h5,DCC,"675,00","0,0",100.0,50.0,120.0,100.0,200.0,80.0,88.0,50.0,120.0,93.0,228.0,255.0,,"53,9",,,,,,0,"0,00",#DIV/0!,,,#DIV/0!,,FALSE,2025-04-09,07:21:33,09.04.2025 07:22:08,09.04.2025 07:42:07,2025-04-09 01:04:01_usbtc08_log.csv,"58,0","50,11",2025-04-09 02:09:24_power_log.csv,"1,8","6,0","14,0","0,0","430,26","2,54","2,1","143,8",
1926,W2R5,"360,00","448,00",/media/bellevtx01/tb2025d/desy-tb-2025/tuning/W2R5_DCC/W2R5_45C_ICASN120/20250409_040445_threshold_scan_interpreted.h5,DCC,"675,00","0,0",100.0,50.0,120.0,100.0,200.0,80.0,88.0,50.0,120.0,93.0,228.0,255.0,,"35,7",,,,,,0,"0,00",#DIV/0!,,,#DIV/0!,,FALSE,2025-04-09,07:53:00,09.04.2025 07:57:28,09.04.2025 08:17:12,2025-04-09 01:04:01_usbtc08_log.csv,"44,97","40,18",2025-04-09 02:09:24_power_log.csv,"1,8","6,0","14,0","0,0","421,08","1,3","1,07","56,18",
1927,W2R5,"449,00","480,00",/media/bellevtx01/tb2025d/desy-tb-2025/tuning/W2R5_HVC/20250405_052556_threshold_scan_interpreted.h5,HVC,"0,00","0,0",100.0,30.0,30.0,88.0,200.0,80.0,88.0,50.0,50.0,40.0,140.0,255.0,,"16,4",,,,,,0,"0,00",#DIV/0!,,,#DIV/0!,,FALSE,2025-04-09,08:43:35,09.04.2025 08:44:33,09.04.2025 09:16:42,2025-04-09 01:04:01_usbtc08_log.csv,"45,0","40,03",2025-04-09 08:38:01_power_log.csv,"1,8","0,0","0,0","40,0","418,29","0,68","0,3","59,4",
1928,W2R5,"449,00","480,00",/media/bellevtx01/tb2025d/desy-tb-2025/tuning/W2R5_HVC/20250405_052556_threshold_scan_interpreted.h5,HVC,"0,00","0,0",100.0,30.0,30.0,88.0,200.0,80.0,88.0,50.0,50.0,40.0,140.0,255.0,,"18,8",,,,,,0,"0,00",#DIV/0!,,,#DIV/0!,,FALSE,2025-04-09,09:45:59,09.04.2025 09:46:36,09.04.2025 10:15:11,2025-04-09 01:04:01_usbtc08_log.csv,"52,0","45,35",2025-04-09 08:38:01_power_log.csv,"1,8","0,0","0,0","40,0","419,74","0,79","0,3","98,8",
1929,W2R5,"449,00","480,00",/media/bellevtx01/tb2025d/desy-tb-2025/tuning/W2R5_HVC/20250405_052556_threshold_scan_interpreted.h5,HVC,"0,00","0,0",100.0,30.0,10.0,88.0,200.0,80.0,88.0,50.0,50.0,40.0,140.0,255.0,,"23,9",,,,,,0,"0,00",#DIV/0!,,,#DIV/0!,,FALSE,2025-04-09,10:16:08,09.04.2025 10:17:05,09.04.2025 10:43:18,2025-04-09 01:04:01_usbtc08_log.csv,"52,0","45,39",2025-04-09 08:38:01_power_log.csv,"1,8","0,0","0,0","40,0","418,49","0,8","0,32","98,7",
1937,W2R5,"450,00","480,00",/media/bellevtx01/tb2025d/desy-tb-2025/tuning/W2R5_HVC/20250405_052556_threshold_scan_interpreted.h5,HVC,"0,00","0,0",100.0,30.0,10.0,88.0,200.0,80.0,88.0,50.0,50.0,40.0,140.0,255.0,,"17,1",,,,,,0,"0,00",#DIV/0!,,,#DIV/0!,,FALSE,2025-04-09,12:12:13,09.04.2025 12:12:49,09.04.2025 13:02:29,2025-04-09 01:04:01_usbtc08_log.csv,"40,0","36,31",2025-04-09 12:06:06_power_log.csv,"1,8","0,0","0,0","40,0","415,75","0,5","0,23","40,54",
1938,W2R5,"450,00","480,00",/media/bellevtx01/tb2025d/desy-tb-2025/tuning/W2R5_HVC/20250405_052556_threshold_scan_interpreted.h5,HVC,"0,00","0,0",100.0,30.0,30.0,88.0,200.0,80.0,88.0,50.0,50.0,40.0,140.0,255.0,,"14,5",,,,,,0,"0,00",#DIV/0!,,,#DIV/0!,,FALSE,2025-04-09,13:03:46,09.04.2025 13:04:27,09.04.2025 13:20:40,2025-04-09 01:04:01_usbtc08_log.csv,"40,0","36,27",2025-04-09 12:06:06_power_log.csv,"1,8","0,0","0,0","40,0","417,07","0,5","0,25","40,58",
1939,W2R5,"450,00","480,00",/media/bellevtx01/tb2025d/desy-tb-2025/tuning/W2R5_HVC/20250405_052556_threshold_scan_interpreted.h5,HVC,"0,00","0,0",100.0,30.0,10.0,88.0,200.0,80.0,88.0,50.0,50.0,40.0,140.0,255.0,,"21,7",,,,,,0,"0,00",#DIV/0!,,,#DIV/0!,,FALSE,2025-04-09,13:35:54,09.04.2025 13:38:13,09.04.2025 14:04:24,2025-04-09 01:04:01_usbtc08_log.csv,"48,0","42,19",2025-04-09 13:31:14_power_log.csv,"1,8","0,0","0,0","40,0","417,29","0,7","0,3","73,06",
1940,W2R5,"450,00","480,00",/media/bellevtx01/tb2025d/desy-tb-2025/tuning/W2R5_HVC/20250405_052556_threshold_scan_interpreted.h5,HVC,"0,00","0,0",100.0,30.0,30.0,88.0,200.0,80.0,88.0,50.0,50.0,40.0,140.0,255.0,,"17,3",,,,,,0,"0,00",#DIV/0!,,,#DIV/0!,,FALSE,2025-04-09,14:05:08,09.04.2025 14:05:34,09.04.2025 14:31:54,2025-04-09 01:04:01_usbtc08_log.csv,"48,0","42,26",2025-04-09 13:31:14_power_log.csv,"1,8","0,0","0,0","40,0","418,61","0,7","0,3","73,4",
1941,W2R5,"449,00","480,00",/media/bellevtx01/tb2025d/desy-tb-2025/tuning/W2R5_HVC/20250405_052556_threshold_scan_interpreted.h5,HVC,"0,00","0,0",100.0,30.0,30.0,88.0,200.0,80.0,88.0,50.0,50.0,40.0,140.0,255.0,,"17,4",,,,,,0,"0,00",#DIV/0!,,,#DIV/0!,,FALSE,2025-04-09,14:53:00,09.04.2025 14:55:13,09.04.2025 15:33:25,2025-04-09 01:04:01_usbtc08_log.csv,"31,0","29,73",2025-04-09 14:52:05_power_log.csv,"1,8","0,0","0,0","6,0","415,58","0,37","0,2","18,9",
1942,W2R5,"449,00","480,00",/media/bellevtx01/tb2025d/desy-tb-2025/tuning/W2R5_HVC/20250405_052556_threshold_scan_interpreted.h5,HVC,"0,00","0,0",100.0,30.0,30.0,88.0,200.0,80.0,88.0,50.0,50.0,40.0,140.0,255.0,,"15,4",,,,,,0,"0,00",#DIV/0!,,,#DIV/0!,,FALSE,2025-04-09,15:37:03,09.04.2025 15:38:00,09.04.2025 16:09:19,2025-04-09 01:04:01_usbtc08_log.csv,"31,0","29,61",2025-04-09 15:35:25_power_log.csv,"1,8","0,0","0,0","10,0","415,53","0,38","0,2","19,15",
1943,W2R5,"449,00","480,00",/media/bellevtx01/tb2025d/desy-tb-2025/tuning/W2R5_HVC/20250405_052556_threshold_scan_interpreted.h5,HVC,"0,00","0,0",100.0,30.0,30.0,88.0,200.0,80.0,88.0,50.0,50.0,40.0,140.0,255.0,,"13,9",,,,,,0,"0,00",#DIV/0!,,,#DIV/0!,,FALSE,2025-04-09,16:12:44,09.04.2025 16:13:09,09.04.2025 16:40:52,2025-04-09 01:04:01_usbtc08_log.csv,"31,0","29,60",2025-04-09 16:11:07_power_log.csv,"1,8","0,0","0,0","15,0","415,62","0,37","0,2","19,35",
1944,W2R5,"360,00","448,00",/media/bellevtx01/tb2025d/desy-tb-2025/tuning/W2R5_DCC/20250405_003905_threshold_scan_interpreted.h5,DCC,"675,00","0,0",100.0,50.0,100.0,100.0,200.0,80.0,88.0,50.0,120.0,93.0,228.0,255.0,,"28,4",,,,,,0,"0,00",#DIV/0!,,,#DIV/0!,,FALSE,2025-04-09,16:47:43,09.04.2025 16:52:57,09.04.2025 17:13:41,2025-04-09 01:04:01_usbtc08_log.csv,"31,0","29,57",2025-04-09 16:45:27_power_log.csv,"1,8","6,0","0,0","0,0","408,84","0,7","0,3","17,65",
1948,W2R5,"360,00","448,00",/media/bellevtx01/tb2025d/desy-tb-2025/tuning/W2R5_DCC/20250405_003905_threshold_scan_interpreted.h5,DCC,"675,00","0,0",100.0,50.0,100.0,100.0,200.0,80.0,88.0,50.0,120.0,93.0,228.0,255.0,,"28,4",,,,,,0,"0,00",#DIV/0!,,,#DIV/0!,,FALSE,2025-04-09,17:45:55,09.04.2025 17:46:41,09.04.2025 18:05:47,2025-04-09 01:04:01_usbtc08_log.csv,"31,0","29,56",2025-04-09 17:44:10_power_log.csv,"1,8","6,0","4,0","0,0","409,11","0,7","0,3","18,74",
1950,W2R5,"360,00","448,00",/media/bellevtx01/tb2025d/desy-tb-2025/tuning/W2R5_DCC/20250405_003905_threshold_scan_interpreted.h5,DCC,"675,00","0,0",100.0,50.0,100.0,100.0,200.0,80.0,88.0,50.0,120.0,93.0,228.0,255.0,,"30,6",,,,,,0,"0,00",#DIV/0!,,,#DIV/0!,,FALSE,2025-04-09,18:11:19,09.04.2025 18:11:58,09.04.2025 18:31:22,2025-04-09 01:04:01_usbtc08_log.csv,"31,0","29,55",2025-04-09 18:10:13_power_log.csv,"1,8","6,0","1,5","0,0","408,91","0,7","0,3","18,49",
1951,W2R5,"360,00","448,00",/media/bellevtx01/tb2025d/desy-tb-2025/tuning/W2R5_DCC/20250405_003905_threshold_scan_interpreted.h5,DCC,"675,00","0,0",100.0,50.0,100.0,100.0,200.0,80.0,88.0,50.0,120.0,93.0,228.0,255.0,,"28,3",,,,,,0,"0,00",#DIV/0!,,,#DIV/0!,,FALSE,2025-04-09,18:33:55,,,2025-04-09 01:04:01_usbtc08_log.csv,"31,0","29,56",2025-04-09 18:32:10_power_log.csv,"1,8","6,0","6,0","0,0","409,12","0,7","0,3","18,88",
1953,W2R5,"360,00","448,00",/media/bellevtx01/tb2025d/desy-tb-2025/tuning/W2R5_DCC/20250405_003905_threshold_scan_interpreted.h5,DCC,"675,00","0,0",100.0,50.0,100.0,100.0,200.0,80.0,88.0,50.0,120.0,93.0,228.0,255.0,,"30,5",,,,,,0,"0,00",#DIV/0!,,,#DIV/0!,,FALSE,2025-04-09,19:08:53,09.04.2025 19:10:22,09.04.2025 19:30:32,2025-04-09 01:04:01_usbtc08_log.csv,"31,0","29,55",2025-04-09 19:07:47_power_log.csv,"1,8","6,0","9,0","0,0","409,18","0,7","0,21","18,98",
1954,W2R5,"360,00","448,00",/media/bellevtx01/tb2025d/desy-tb-2025/tuning/W2R5_DCC/W2R5_45C_ICASN50/20250409_035728_threshold_scan_interpreted.h5,DCC,"675,00","0,0",100.0,50.0,50.0,100.0,200.0,80.0,88.0,50.0,120.0,93.0,228.0,255.0,,,,,,,,0,"0,00",#DIV/0!,,,#DIV/0!,,FALSE,2025-04-09,20:33:38,09.04.2025 20:42:25,09.04.2025 21:03:01,2025-04-09 01:04:01_usbtc08_log.csv,"54,0","46,83",2025-04-09 20:24:44_power_log.csv,"1,8","6,0","14,0","0,0","412,07","2,01","1,6","104,43",
1960,W2R5,"449,00","480,00",/media/bellevtx01/tb2025d/desy-tb-2025/tuning/W2R5_HVC/20250405_052556_threshold_scan_interpreted.h5,HVC,"0,00","0,0",100.0,30.0,10.0,88.0,200.0,80.0,88.0,50.0,50.0,40.0,140.0,255.0,,"17,1",,,,,,0,"0,00",#DIV/0!,,,#DIV/0!,,FALSE,2025-04-09,21:41:33,09.04.2025 21:41:59,09.04.2025 21:57:02,2025-04-09 01:04:01_usbtc08_log.csv,"50,0","43,75",2025-04-09 21:34:49_power_log.csv,"1,8","0,0","0,0","35,0","417,81","0,7","0,3","82,42",
1961,W2R5,"449,00","480,00",/media/bellevtx01/tb2025d/desy-tb-2025/tuning/W2R5_HVC/20250405_052556_threshold_scan_interpreted.h5,HVC,"0,00","0,0",100.0,30.0,10.0,88.0,200.0,80.0,88.0,50.0,50.0,40.0,140.0,255.0,,"17,1",,,,,,0,"0,00",#DIV/0!,,,#DIV/0!,,FALSE,2025-04-09,22:05:18,09.04.2025 22:05:48,09.04.2025 22:20:34,2025-04-09 01:04:01_usbtc08_log.csv,"52,0","45,20",2025-04-09 21:34:49_power_log.csv,"1,8","0,0","0,0","35,0","418,22","0,7","0,3","95,12",
1965,W8R4,"224,00","448,00",/media/bellevtx01/tb2025d/desy-tb-2025/tuning/W8R4_DCC/W8R4_DCC_30C_THR36_Max2/20250409_214315_threshold_scan_interpreted.h5,DCC,"26,00","0,0",100.0,64.0,0.0,100.0,250.0,80.0,88.0,50.0,120.0,93.0,200.0,255.0,,"29,1","34,7","34,7","40,6","0,55","2,01","37,65","3,57","10,55",300,1401,"4,07E-05",20251010_102146,TRUE,2025-04-10,00:06:06,10.04.2025 00:06:31,10.04.2025 00:27:44,2025-04-09 23:42:08_usbtc08_log.csv,"31,0","29,71",2025-04-09 23:56:04_power_log.csv,"1,8","6,0","4,0","0,0","386,58","0,4","0,7","7,33",
1966,W8R4,"448,00","480,00",/media/bellevtx01/tb2025d/desy-tb-2025/tuning/W8R4_HVC/W8R4_HVC_standard/20250409_133256_threshold_scan_interpreted.h5,HVC,"31,00","31,0",100.0,30.0,30.0,100.0,250.0,80.0,88.0,50.0,50.0,40.0,140.0,255.0,,"13,3","12,57","12,5","14,38","0,2","0,81","13,44","1,24","10,83",300,20,"4,08E-06",20251017_100950,TRUE,2025-04-10,00:31:09,10.04.2025 00:32:07,10.04.2025 01:02:06,2025-04-09 23:42:08_usbtc08_log.csv,"31,0","29,84",2025-04-10 00:28:40_power_log.csv,"1,8","0,0","0,0","30,0","412,7","0,3","0,2","7,82",
1967,W8R4,"448,00","480,00",/media/bellevtx01/tb2025d/desy-tb-2025/tuning/W8R4_HVC/W8R4_HVC_standard/20250409_133256_threshold_scan_interpreted.h5,HVC,"31,00","31,0",100.0,30.0,30.0,100.0,250.0,80.0,88.0,50.0,50.0,40.0,140.0,255.0,,13,"12,47","12,36","14,19","0,21","0,81","13,275","1,22","10,86",300,13,"2,65E-06",20251017_112409,TRUE,2025-04-10,01:04:21,10.04.2025 01:05:11,10.04.2025 01:35:25,2025-04-09 23:42:08_usbtc08_log.csv,"31,0","29,85",2025-04-10 01:03:00_power_log.csv,"1,8","0,0","0,0","35,0","412,62","0,3","0,2","7,9",
1968,W8R4,"448,00","480,00",/media/bellevtx01/tb2025d/desy-tb-2025/tuning/W8R4_HVC/W8R4_HVC_standard/20250409_133256_threshold_scan_interpreted.h5,HVC,"31,00","31,0",100.0,30.0,30.0,100.0,250.0,80.0,88.0,50.0,50.0,40.0,140.0,255.0,,13,"12,7","12,64","14,54","0,2","0,81","13,59","1,25","10,89",300,17,"3,47E-06",20251017_115126,TRUE,2025-04-10,01:37:31,10.04.2025 01:38:04,10.04.2025 02:07:55,2025-04-09 23:42:08_usbtc08_log.csv,"31,0","29,85",2025-04-10 01:36:40_power_log.csv,"1,8","0,0","0,0","25,0","412,55","0,3","0,2","7,8",
1969,W8R4,"448,00","480,00",/media/bellevtx01/tb2025d/desy-tb-2025/tuning/W8R4_HVC/W8R4_HVC_standard/20250409_133256_threshold_scan_interpreted.h5,HVC,"31,00","31,0",100.0,30.0,30.0,100.0,250.0,80.0,88.0,50.0,50.0,40.0,140.0,255.0,,13,"12,88","12,83","14,8","0,2","0,83","13,815","1,29","10,73",300,19,"3,87E-06",20251017_121900,TRUE,2025-04-10,02:09:26,10.04.2025 02:10:19,10.04.2025 02:39:39,2025-04-09 23:42:08_usbtc08_log.csv,"31,0","29,85",2025-04-10 02:08:50_power_log.csv,"1,8","0,0","0,0","20,0","412,54","0,3","0,2","7,77",
1970,W8R4,"448,00","480,00",/media/bellevtx01/tb2025d/desy-tb-2025/tuning/W8R4_HVC/W8R4_HVC_standard/20250409_133256_threshold_scan_interpreted.h5,HVC,"31,00","31,0",100.0,30.0,30.0,100.0,250.0,80.0,88.0,50.0,50.0,40.0,140.0,255.0,,"13,5","13,45","13,37","15,47","0,22","0,92","14,42","1,40","10,33",300,39,"7,95E-06",20251020_105829,TRUE,2025-04-10,02:40:42,10.04.2025 02:41:25,10.04.2025 03:10:49,2025-04-09 23:42:08_usbtc08_log.csv,"31,0","29,83",2025-04-10 02:40:15_power_log.csv,"1,8","0,0","0,0","15,0","412,57","0,3","0,2","7,69",
1971,W8R4,"448,00","480,00",/media/bellevtx01/tb2025d/desy-tb-2025/tuning/W8R4_HVC/W8R4_HVC_standard/20250409_133256_threshold_scan_interpreted.h5,HVC,"31,00","31,0",100.0,30.0,30.0,100.0,250.0,80.0,88.0,50.0,50.0,40.0,140.0,255.0,,15,"14,96","14,82","17,27","0,38","1,01","16,045","1,59","10,11",300,18,"3,67E-06",20251020_112409,TRUE,2025-04-10,03:11:46,10.04.2025 03:12:28,10.04.2025 03:41:27,2025-04-09 23:42:08_usbtc08_log.csv,"31,0","29,84",2025-04-10 03:11:26_power_log.csv,"1,8","0,0","0,0","10,0","412,62","0,3","0,2","7,6",
1972,W8R4,"448,00","480,00",/media/bellevtx01/tb2025d/desy-tb-2025/tuning/W8R4_HVC/W8R4_HVC_standard/20250409_133256_threshold_scan_interpreted.h5,HVC,"31,00","31,0",100.0,30.0,30.0,100.0,250.0,80.0,88.0,50.0,50.0,40.0,140.0,255.0,,17,"17,03","16,87","20,09","0,4","1,03","18,48","1,91","9,67",300,22,"4,48E-06",20251020_114959,TRUE,2025-04-10,03:43:25,10.04.2025 03:44:18,10.04.2025 04:13:38,2025-04-09 23:42:08_usbtc08_log.csv,"31,0","29,83",2025-04-10 03:42:57_power_log.csv,"1,8","0,0","0,0","6,0","412,71","0,3","0,2","7,45",
1973,W8R4,"448,00","480,00",/media/bellevtx01/tb2025d/desy-tb-2025/tuning/W8R4_HVC/W8R4_HVC_standard/20250409_133256_threshold_scan_interpreted.h5,HVC,"31,00","31,0",100.0,30.0,5.0,100.0,250.0,80.0,88.0,50.0,50.0,40.0,140.0,255.0,,"17,7","16,61","16,74","18,63","0,34","0,89","17,685","1,30","13,62",300,23,"4,69E-06",20251020_151257,TRUE,2025-04-10,04:15:55,10.04.2025 04:18:23,10.04.2025 04:47:40,2025-04-09 23:42:08_usbtc08_log.csv,"31,0","29,82",2025-04-10 04:14:29_power_log.csv,"1,8","0,0","0,0","35,0","411,38","0,3","0,2","7,84",
1974,W8R4,"448,00","480,00",/media/bellevtx01/tb2025d/desy-tb-2025/tuning/W8R4_HVC/W8R4_HVC_standard/20250409_133256_threshold_scan_interpreted.h5,HVC,"31,00","31,0",100.0,30.0,80.0,100.0,250.0,80.0,88.0,50.0,50.0,40.0,140.0,255.0,,"11,4","10,88","10,69","12,44","0,45","0,81","11,565","1,19","9,70",300,29,"5,91E-06",20251020_153805,TRUE,2025-04-10,04:48:34,10.04.2025 04:49:02,10.04.2025 05:19:12,2025-04-09 23:42:08_usbtc08_log.csv,"31,0","29,86",2025-04-10 04:14:29_power_log.csv,"1,8","0,0","0,0","35,0","415,28","0,3","0,2","7,9",
1975,W8R4,"448,00","480,00",/media/bellevtx01/tb2025d/desy-tb-2025/tuning/W8R4_HVC/W8R4_HVC_standard/20250409_133256_threshold_scan_interpreted.h5,HVC,"31,00","31,0",100.0,30.0,30.0,100.0,250.0,80.0,88.0,50.0,50.0,40.0,140.0,255.0,,"13,9","13,42","13,3","15,16","0,23",1,"14,23","1,37","10,42",300,27,"5,50E-06",20251021_114050,TRUE,2025-04-10,05:20:09,10.04.2025 05:32:23,10.04.2025 06:03:00,2025-04-09 23:42:08_usbtc08_log.csv,"38,0","35,03",2025-04-10 04:14:29_power_log.csv,"1,8","0,0","0,0","35,0","415,04","0,36","0,21","13,45",
1976,W8R4,"448,00","480,00",/media/bellevtx01/tb2025d/desy-tb-2025/tuning/W8R4_HVC/W8R4_HVC_standard/20250409_133256_threshold_scan_interpreted.h5,HVC,"31,00","31,0",100.0,30.0,5.0,100.0,250.0,80.0,88.0,50.0,50.0,40.0,140.0,255.0,,19,"17,94","18,01","19,96","0,58","1,07","18,985","1,45","13,11",300,19,"3,87E-06",20251021_120443,TRUE,2025-04-10,06:04:00,10.04.2025 06:04:25,10.04.2025 06:34:58,2025-04-09 23:42:08_usbtc08_log.csv,"38,0","35,08",2025-04-10 04:14:29_power_log.csv,"1,8","0,0","0,0","35,0","413,62","0,36","0,26","13,42",
1977,W8R4,"448,00","480,00",/media/bellevtx01/tb2025d/desy-tb-2025/tuning/W8R4_HVC/W8R4_HVC_standard/20250409_133256_threshold_scan_interpreted.h5,HVC,"31,00","31,0",100.0,30.0,80.0,100.0,250.0,80.0,88.0,50.0,50.0,40.0,140.0,255.0,,"11,9","11,55","11,35","13,1","0,35","0,95","12,225","1,29","9,47",300,10,"2,04E-06",20251021_122738,TRUE,2025-04-10,06:35:29,10.04.2025 06:36:10,10.04.2025 07:06:47,2025-04-09 23:42:08_usbtc08_log.csv,"38,0","35,10",2025-04-10 04:14:29_power_log.csv,"1,8","0,0","0,0","35,0","417,56","0,37","0,23","13,53",
1978,W8R4,"448,00","480,00",/media/bellevtx01/tb2025d/desy-tb-2025/tuning/W8R4_HVC/W8R4_HVC_standard/20250409_133256_threshold_scan_interpreted.h5,HVC,"31,00","31,0",100.0,30.0,30.0,100.0,250.0,80.0,88.0,50.0,50.0,40.0,140.0,255.0,,"14,9","14,37","14,26","16,19","0,28","1,26","15,225","1,59","9,59",300,14,"2,85E-06",20251022_150645,TRUE,2025-04-10,07:13:43,10.04.2025 07:29:10,10.04.2025 07:59:58,2025-04-09 23:42:08_usbtc08_log.csv,"45,0","40,35",2025-04-10 04:14:29_power_log.csv,"1,8","0,0","0,0","35,0","417,82","0,5","0,3","22,77",
1979,W8R4,"448,00","480,00",/media/bellevtx01/tb2025d/desy-tb-2025/tuning/W8R4_HVC/W8R4_HVC_standard/20250409_133256_threshold_scan_interpreted.h5,HVC,"31,00","31,0",100.0,30.0,10.0,100.0,250.0,80.0,88.0,50.0,50.0,40.0,140.0,255.0,,"18,2","17,48","17,43","19,49","0,5","1,33","18,46","1,68","10,97",300,19,"3,87E-06",20251022_153837,TRUE,2025-04-10,08:00:31,10.04.2025 08:01:06,10.04.2025 08:31:32,2025-04-09 23:42:08_usbtc08_log.csv,"45,0","40,33",2025-04-10 04:14:29_power_log.csv,"1,8","0,0","0,0","35,0","416,68","0,5","0,3","22,71",
1980,W8R4,"448,00","480,00",/media/bellevtx01/tb2025d/desy-tb-2025/tuning/W8R4_HVC/W8R4_HVC_standard/20250409_133256_threshold_scan_interpreted.h5,HVC,"31,00","31,0",100.0,30.0,5.0,100.0,250.0,80.0,88.0,50.0,50.0,40.0,140.0,255.0,,21,"19,65","19,63","21,98","0,68","1,37","20,805","1,80","11,53",300,40,"8,15E-06",20251022_155656,TRUE,2025-04-10,08:32:39,10.04.2025 08:35:34,10.04.2025 09:04:50,2025-04-09 23:42:08_usbtc08_log.csv,"45,0","40,32",2025-04-10 04:14:29_power_log.csv,"1,8","0,0","0,0","35,0","416,29","0,5","0,3","22,7",
1982,W8R4,"448,00","480,00",/media/bellevtx01/tb2025d/desy-tb-2025/tuning/W8R4_HVC/W8R4_HVC_standard/20250409_133256_threshold_scan_interpreted.h5,HVC,"31,00","31,0",100.0,30.0,30.0,100.0,250.0,80.0,88.0,50.0,50.0,40.0,140.0,255.0,,"16,6","16,18","15,97","17,97","0,5","1,59","16,97","1,88","9,03",300,12,"2,45E-06",20251016_172603,TRUE,2025-04-10,13:48:58,10.04.2025 13:52:11,10.04.2025 14:21:57,2025-04-09 23:42:08_usbtc08_log.csv,"52,0","45,82",2025-04-10 13:40:15_power_log.csv,"1,8","0,0","0,0","35,0","419,29","0,7","0,41","38,37",
1983,W8R4,"448,00","480,00",/media/bellevtx01/tb2025d/desy-tb-2025/tuning/W8R4_HVC/W8R4_HVC_standard/20250409_133256_threshold_scan_interpreted.h5,HVC,"31,00","31,0",100.0,30.0,10.0,100.0,250.0,80.0,88.0,50.0,50.0,40.0,140.0,255.0,,"20,9","19,95","19,81","22,2","0,73","1,67","21,005","2,05","10,23",300,17,"3,47E-06",20251016_175659,TRUE,2025-04-10,14:22:27,10.04.2025 14:22:57,10.04.2025 14:54:21,2025-04-09 23:42:08_usbtc08_log.csv,"52,0","45,80",2025-04-10 13:40:15_power_log.csv,"1,8","0,0","0,0","35,0","417,95","0,7","0,41","38,23",
1984,W8R4,"448,00","480,00",/media/bellevtx01/tb2025d/desy-tb-2025/tuning/W8R4_HVC/W8R4_HVC_standard/20250409_133256_threshold_scan_interpreted.h5,HVC,"31,00","31,0",100.0,30.0,80.0,100.0,250.0,80.0,88.0,50.0,50.0,40.0,140.0,255.0,,"13,9","13,59","13,34","15,19","0,55","1,48","14,265","1,75","8,17",300,16,"3,26E-06",20251016_182826,TRUE,2025-04-10,14:56:02,10.04.2025 14:56:50,10.04.2025 15:25:43,2025-04-09 23:42:08_usbtc08_log.csv,"52,0","45,80",2025-04-10 13:40:15_power_log.csv,"1,8","0,0","0,0","35,0","421,58","0,7","0,44","38,49",
1985,W8R4,"448,00","480,00",/media/bellevtx01/tb2025d/desy-tb-2025/tuning/W8R4_HVC/W8R4_HVC_45C_THR25/20250410_121000_threshold_scan_interpreted.h5,HVC,"31,00","31,0",65.0,30.0,9.0,100.0,250.0,80.0,88.0,50.0,50.0,40.0,140.0,255.0,,25,"24,6","24,79","26,94","0,52","1,78","25,865","2,08","12,44",300,31,"6,32E-06",20251023_145103,TRUE,2025-04-10,15:28:03,10.04.2025 15:30:09,10.04.2025 15:59:14,2025-04-09 23:42:08_usbtc08_log.csv,"52,0","45,53",2025-04-10 13:40:15_power_log.csv,"1,8","0,0","0,0","35,0","362,83","0,7","0,4","35,81",
1986,W8R4,"448,00","480,00",/media/bellevtx01/tb2025d/desy-tb-2025/tuning/W8R4_HVC/W8R4_HVC_45C_THR30/20250410_113525_threshold_scan_interpreted.h5,HVC,"31,00","31,0",65.0,50.0,10.0,100.0,250.0,80.0,88.0,50.0,50.0,40.0,140.0,255.0,,30,"29,69","29,65","31,98","0,51","1,65","30,815","2,02","15,26",300,21,"4,28E-06",20251023_151622,TRUE,2025-04-10,16:04:07,10.04.2025 16:04:29,10.04.2025 16:34:02,2025-04-09 23:42:08_usbtc08_log.csv,"52,0","45,54",2025-04-10 13:40:15_power_log.csv,"1,8","0,0","0,0","35,0","362,71","0,69","0,38","35,8",
1987,W8R4,"448,00","480,00",/media/bellevtx01/tb2025d/desy-tb-2025/tuning/W8R4_HVC/W8R4_HVC_45C_THR35/20250410_114702_threshold_scan_interpreted.h5,HVC,"31,00","31,0",65.0,70.0,10.0,100.0,250.0,80.0,88.0,50.0,50.0,40.0,140.0,255.0,,35,"34,67","34,48","36,82","0,52","1,58","35,65","1,97","18,13",300,32,"6,52E-06",20251023_154051,TRUE,2025-04-10,16:35:10,10.04.2025 16:35:41,10.04.2025 17:04:26,2025-04-09 23:42:08_usbtc08_log.csv,"52,0","45,61",2025-04-10 13:40:15_power_log.csv,"1,8","0,0","0,0","35,0","367,57","0,7","0,4","36,03",
1990,W8R4,"448,00","480,00",/media/bellevtx01/tb2025d/desy-tb-2025/tuning/W8R4_HVC/W8R4_HVC_standard/20250409_133256_threshold_scan_interpreted.h5,HVC,"31,00","31,0",100.0,30.0,80.0,100.0,250.0,80.0,88.0,50.0,50.0,40.0,140.0,255.0,,"12,6","12,12","11,87","13,72","0,47","1,16","12,795","1,48","8,62",300,37,"7,54E-06",20251023_120349,TRUE,2025-04-10,17:22:39,10.04.2025 17:23:05,10.04.2025 17:51:47,2025-04-09 23:42:08_usbtc08_log.csv,"44,0","39,89",2025-04-10 17:21:47_power_log.csv,"1,8","0,0","0,0","35,0","417,54","0,5","0,3","21,32",
1991,W8R4,"448,00","480,00",/media/bellevtx01/tb2025d/desy-tb-2025/tuning/W8R4_HVC/W8R4_HVC_standard/20250409_133256_threshold_scan_interpreted.h5,HVC,"31,00","31,0",100.0,30.0,30.0,100.0,250.0,80.0,88.0,50.0,50.0,40.0,140.0,255.0,,,"19,3","19,08","23,09","0,4","1,08","21,085","2,28","9,26",300,22,"4,48E-06",20251020_160651,TRUE,2025-04-10,18:07:41,10.04.2025 18:09:22,10.04.2025 18:37:43,2025-04-09 23:42:08_usbtc08_log.csv,"31,0","30,26",2025-04-10 17:56:01_power_log.csv,"1,8","0,0","0,0","4,0","410,3","0,3","0,2","7,36",
1993,W8R4,"448,00","480,00",/media/bellevtx01/tb2025d/desy-tb-2025/tuning/W8R4_HVC/W8R4_HVC_standard/20250409_133256_threshold_scan_interpreted.h5,HVC,"31,00","31,0",100.0,30.0,30.0,100.0,250.0,80.0,88.0,50.0,50.0,40.0,140.0,255.0,,,"23,85","23,52","29,21","0,48","1,19","26,365","3,08","8,55",300,16,"3,26E-06",20251020_163242,TRUE,2025-04-10,19:12:44,10.04.2025 19:13:22,10.04.2025 19:41:47,2025-04-09 23:42:08_usbtc08_log.csv,"31,0","30,07",2025-04-10 19:12:12_power_log.csv,"1,8","0,0","0,0","2,0","410,27","0,3","0,2","7,1",
1995,W8R4,"448,00","480,00",/media/bellevtx01/tb2025d/desy-tb-2025/tuning/W8R4_HVC/W8R4_HVC_standard/20250409_133256_threshold_scan_interpreted.h5,HVC,"31,00","31,0",100.0,30.0,30.0,100.0,250.0,80.0,88.0,50.0,50.0,40.0,140.0,255.0,,,"20,97","20,73","25,29","0,42","1,11","23,01","2,54","9,07",300,20,"4,08E-06",20251020_171352,TRUE,2025-04-10,20:22:55,10.04.2025 20:23:22,10.04.2025 20:52:18,2025-04-09 23:42:08_usbtc08_log.csv,"31,0","30,01",2025-04-10 20:21:19_power_log.csv,"1,8","0,0","0,0","3,0","410,34","0,3","0,2","7,19",
1997,W8R4,"448,00","480,00",/media/bellevtx01/tb2025d/desy-tb-2025/tuning/W8R4_HVC/W8R4_HVC_standard/20250409_133256_threshold_scan_interpreted.h5,HVC,"31,00","31,0",100.0,30.0,30.0,100.0,250.0,80.0,88.0,50.0,50.0,40.0,140.0,255.0,,,"12,08","12,03","13,88","0,18","0,68","12,955","1,15","11,28",300,16,"3,26E-06",20251021_160147,TRUE,2025-04-10,21:25:25,10.04.2025 21:25:50,10.04.2025 21:56:08,2025-04-09 23:42:08_usbtc08_log.csv,"24,0","24,85",2025-04-10 20:53:14_power_log.csv,"1,8","0,0","0,0","35,0","408,29","0,3","0,17","4,5",
1998,W8R4,"448,00","480,00",/media/bellevtx01/tb2025d/desy-tb-2025/tuning/W8R4_HVC/W8R4_HVC_standard/20250409_133256_threshold_scan_interpreted.h5,HVC,"31,00","31,0",100.0,30.0,30.0,100.0,250.0,80.0,88.0,50.0,50.0,40.0,140.0,255.0,,,"11,62","11,56","13,35","0,18","0,58","12,455","1,07","11,68",300,18,"3,67E-06",20251021_165109,TRUE,2025-04-10,22:09:28,10.04.2025 22:10:49,10.04.2025 22:39:12,2025-04-09 23:42:08_usbtc08_log.csv,"17,0","19,81",2025-04-10 20:53:14_power_log.csv,"1,8","0,0","0,0","35,0","406,48","0,29","0,1","2,6",
1999,W8R4,"448,00","480,00",/media/bellevtx01/tb2025d/desy-tb-2025/tuning/W8R4_HVC/W8R4_HVC_standard/20250409_133256_threshold_scan_interpreted.h5,HVC,"31,00","31,0",100.0,30.0,30.0,100.0,250.0,80.0,88.0,50.0,50.0,40.0,140.0,255.0,,,"11,08","11,03","12,86","0,18","0,51","11,945","1,05","11,40",300,28,"5,71E-06",20251022_113910,TRUE,2025-04-10,22:54:44,,,2025-04-09 23:42:08_usbtc08_log.csv,"10,0","14,83",2025-04-10 20:53:14_power_log.csv,"1,8","0,0","0,0","35,0","404,88","0,3","0,12","1,48",
2000,W8R4,"448,00","480,00",/media/bellevtx01/tb2025d/desy-tb-2025/tuning/W8R4_HVC/W8R4_HVC_standard/20250409_133256_threshold_scan_interpreted.h5,HVC,"31,00","31,0",100.0,30.0,30.0,100.0,250.0,80.0,88.0,50.0,50.0,40.0,140.0,255.0,,,"10,8","10,73","12,54","0,18","0,47","11,635","1,02","11,41",300,26,"5,30E-06",20251022_121817,TRUE,2025-04-10,23:42:37,10.04.2025 23:43:27,11.04.2025 00:12:17,2025-04-09 23:42:08_usbtc08_log.csv,"4,0","10,54",2025-04-10 20:53:14_power_log.csv,"1,8","0,0","0,0","35,0","403,54","0,3","0,12","0,9",
2001,W8R4,"224,00","448,00",/media/bellevtx01/tb2025d/desy-tb-2025/tuning/W8R4_DCC/W8R4_DCC_standard/20250409_184121_threshold_scan_interpreted.h5,DCC,"793,00","154,0",100.0,64.0,10.0,100.0,250.0,80.0,88.0,50.0,143.0,93.0,205.0,255.0,,,"27,42","27,42","32,98","0,88","1,94","30,2","3,39","8,91",300,200854,"5,88E-03",20251010_111052,TRUE,2025-04-11,00:46:42,11.04.2025 00:47:42,11.04.2025 01:16:00,2025-04-09 23:42:08_usbtc08_log.csv,"31,5","30,02",2025-04-11 00:44:33_power_log.csv,"1,8","6,0","0,0","0,0","375,44","0,4","0,2","7,17",
2002,W8R4,"224,00","448,00",/media/bellevtx01/tb2025d/desy-tb-2025/tuning/W8R4_DCC/W8R4_DCC_standard/20250409_184121_threshold_scan_interpreted.h5,DCC,"793,00","154,0",100.0,64.0,10.0,100.0,250.0,80.0,88.0,50.0,143.0,93.0,205.0,255.0,,,"27,36","27,36","32,92","0,5","1,95","30,14","3,40","8,88",300,210480,"6,16E-03",20251010_114009,TRUE,2025-04-11,01:18:41,11.04.2025 01:19:24,11.04.2025 01:38:59,2025-04-09 23:42:08_usbtc08_log.csv,"31,5","30,09",2025-04-11 01:17:21_power_log.csv,"1,8","6,0","1,0","0,0","375,79","0,4","0,2","7,4",
2003,W8R4,"224,00","448,00",/media/bellevtx01/tb2025d/desy-tb-2025/tuning/W8R4_DCC/W8R4_DCC_standard/20250409_184121_threshold_scan_interpreted.h5,DCC,"793,00","154,0",100.0,64.0,10.0,100.0,250.0,80.0,88.0,50.0,143.0,93.0,205.0,255.0,,,"27,38","27,38","32,92","0,5","1,95","30,15","3,39","8,90",300,217909,"6,38E-03",20251010_120852,TRUE,2025-04-11,01:39:58,11.04.2025 01:41:24,11.04.2025 02:00:55,2025-04-09 23:42:08_usbtc08_log.csv,"31,5","30,10",2025-04-11 01:39:29_power_log.csv,"1,8","6,0","2,0","0,0","375,84","0,4","0,3","7,47",
2004,W8R4,"224,00","448,00",/media/bellevtx01/tb2025d/desy-tb-2025/tuning/W8R4_DCC/W8R4_DCC_standard/20250409_184121_threshold_scan_interpreted.h5,DCC,"793,00","154,0",100.0,64.0,10.0,100.0,250.0,80.0,88.0,50.0,143.0,93.0,205.0,255.0,,,"27,11","27,11","32,53","0,47","1,95","29,82","3,34","8,93",300,221288,"6,48E-03",20251013_150752,TRUE,2025-04-11,02:02:08,11.04.2025 02:03:02,11.04.2025 02:20:25,2025-04-09 23:42:08_usbtc08_log.csv,"31,5","30,09",2025-04-11 02:01:30_power_log.csv,"1,8","6,0","3,0","0,0","375,82","0,4","0,47","7,47",
2005,W8R4,"224,00","448,00",/media/bellevtx01/tb2025d/desy-tb-2025/tuning/W8R4_DCC/W8R4_DCC_standard/20250409_184121_threshold_scan_interpreted.h5,DCC,"793,00","154,0",100.0,64.0,10.0,100.0,250.0,80.0,88.0,50.0,143.0,93.0,205.0,255.0,,"29,1","27,07","27,07","32,52","0,49","1,94","29,795","3,35","8,91",300,342539,"1,00E-02",20251013_152816,TRUE,2025-04-11,02:22:24,11.04.2025 02:23:47,11.04.2025 02:42:01,2025-04-09 23:42:08_usbtc08_log.csv,"31,5","30,09",2025-04-11 02:21:15_power_log.csv,"1,8","6,0","4,0","0,0","375,81","0,4","0,78","7,44",
2006,W8R4,"224,00","448,00",/media/bellevtx01/tb2025d/desy-tb-2025/tuning/W8R4_DCC/W8R4_DCC_30C_THR30_Max2/20250409_212559_threshold_scan_interpreted.h5,DCC,"199,00","0,0",100.0,64.0,7.0,100.0,250.0,80.0,88.0,50.0,120.0,93.0,200.0,255.0,,30,"28,83","28,83","34,97","0,55","1,95","31,9","3,64","8,77",300,2045874,"5,96E-02",20251013_154911,TRUE,2025-04-11,02:43:58,11.04.2025 02:46:51,11.04.2025 03:05:07,2025-04-09 23:42:08_usbtc08_log.csv,"31,5","30,17",2025-04-11 02:21:15_power_log.csv,"1,8","6,0","4,0","0,0","391,71","0,4","0,7","7,61",
2007,W8R4,"224,00","448,00",/media/bellevtx01/tb2025d/desy-tb-2025/tuning/W8R4_DCC/W8R4_DCC_30C_THR36_Max2/20250409_214315_threshold_scan_interpreted.h5,DCC,"26,00","0,0",100.0,64.0,0.0,100.0,250.0,80.0,88.0,50.0,120.0,93.0,200.0,255.0,,36,"34,6","34,6","40,43","1,17",2,"37,515","3,54","10,61",300,1748,"5,08E-05",20251013_160924,TRUE,2025-04-11,03:07:47,11.04.2025 03:11:02,11.04.2025 03:29:09,2025-04-09 23:42:08_usbtc08_log.csv,"31,5","30,13",2025-04-11 02:21:15_power_log.csv,"1,8","6,0","4,0","0,0","384,89","0,4","0,7","7,53",
2008,W8R4,"224,00","448,00",/media/bellevtx01/tb2025d/desy-tb-2025/tuning/W8R4_DCC/W8R4_DCC_standard/20250409_184121_threshold_scan_interpreted.h5,DCC,"793,00","154,0",100.0,64.0,10.0,100.0,250.0,80.0,88.0,50.0,143.0,93.0,205.0,255.0,,,29,29,"35,06","0,54","2,31","32,03","3,81","8,41",300,236006,"6,91E-03",20251014_101959,TRUE,2025-04-11,04:01:02,11.04.2025 04:04:19,11.04.2025 04:22:46,2025-04-09 23:42:08_usbtc08_log.csv,"37,8","34,81",2025-04-11 02:21:15_power_log.csv,"1,8","6,0","4,0","0,0","379,81","0,5","0,83","12,2",
2009,W8R4,"224,00","448,00",/media/bellevtx01/tb2025d/desy-tb-2025/tuning/W8R4_DCC/W8R4_DCC_30C_THR30_Max2/20250409_212559_threshold_scan_interpreted.h5,DCC,"199,00","0,0",100.0,64.0,7.0,100.0,250.0,80.0,88.0,50.0,120.0,93.0,200.0,255.0,,,"31,56","31,56","38,22","0,58","2,32","34,89","4,06","8,60",300,23660,"6,89E-04",20251014_104146,TRUE,2025-04-11,04:24:16,11.04.2025 04:24:41,11.04.2025 04:43:06,2025-04-09 23:42:08_usbtc08_log.csv,"37,8","34,89",2025-04-11 02:21:15_power_log.csv,"1,8","6,0","4,0","0,0","393,57","0,5","0,89","12,4",
2010,W8R4,"224,00","448,00",/media/bellevtx01/tb2025d/desy-tb-2025/tuning/W8R4_DCC/W8R4_DCC_30C_THR36_Max2/20250409_214315_threshold_scan_interpreted.h5,DCC,"26,00","0,0",100.0,64.0,0.0,100.0,250.0,80.0,88.0,50.0,120.0,93.0,200.0,255.0,,,"38,01","38,01","44,67","0,63","2,37","41,34","4,09","10,11",300,1460,"4,24E-05",20251014_115536,TRUE,2025-04-11,04:45:42,11.04.2025 04:47:29,11.04.2025 05:05:53,2025-04-09 23:42:08_usbtc08_log.csv,"37,8","34,86",2025-04-11 02:21:15_power_log.csv,"1,8","6,0","4,0","0,0","386,7","0,5","0,89","12,28",
2011,W8R4,"224,00","448,00",/media/bellevtx01/tb2025d/desy-tb-2025/tuning/W8R4_DCC/W8R4_DCC_standard/20250409_184121_threshold_scan_interpreted.h5,DCC,"793,00","154,0",100.0,64.0,10.0,100.0,250.0,80.0,88.0,50.0,143.0,93.0,205.0,255.0,,,"31,37","31,37","38,15","0,69","2,73","34,76","4,35","7,99",300,343991,"1,01E-02",20251015_101712,TRUE,2025-04-11,05:49:45,11.04.2025 05:51:14,11.04.2025 06:09:40,2025-04-09 23:42:08_usbtc08_log.csv,"44,5","39,87",2025-04-11 02:21:15_power_log.csv,"1,8","6,0","4,0","0,0","384,34","0,7","1,11","20,31",
2012,W8R4,"224,00","448,00",/media/bellevtx01/tb2025d/desy-tb-2025/tuning/W8R4_DCC/W8R4_DCC_40C_THR37_Max2/20250409_222749_threshold_scan_interpreted.h5,DCC,"127,00","0,0",100.0,64.0,5.0,100.0,250.0,80.0,88.0,50.0,120.0,93.0,200.0,255.0,,37,"35,81","35,81","42,92","0,65","2,73","39,365","4,48","8,78",300,9301,"2,71E-04",20251015_104001,TRUE,2025-04-11,06:11:25,11.04.2025 06:11:58,11.04.2025 06:31:12,2025-04-09 23:42:08_usbtc08_log.csv,"44,5","39,91",2025-04-11 02:21:15_power_log.csv,"1,8","6,0","4,0","0,0","393,73","0,7","1,15","20,5",
2013,W8R4,"224,00","448,00",/media/bellevtx01/tb2025d/desy-tb-2025/tuning/W8R4_DCC/W8R4_DCC_40C_THR40_Max2/20250409_224418_threshold_scan_interpreted.h5,DCC,"52,00","0,0",100.0,64.0,2.0,100.0,250.0,80.0,88.0,50.0,120.0,93.0,200.0,255.0,,40,"38,47","38,47","45,98","0,61","2,76","42,225","4,66","9,06",300,3892,"1,13E-04",20251015_111107,TRUE,2025-04-11,06:34:25,11.04.2025 06:35:58,11.04.2025 06:54:52,2025-04-09 23:42:08_usbtc08_log.csv,"44,5","39,92",2025-04-11 02:21:15_power_log.csv,"1,8","6,0","4,0","0,0","390,83","0,7","1,1","20,43",
2014,W8R4,"224,00","448,00",/media/bellevtx01/tb2025d/desy-tb-2025/tuning/W8R4_DCC/W8R4_DCC_standard/20250409_184121_threshold_scan_interpreted.h5,DCC,"793,00","154,0",100.0,64.0,10.0,100.0,250.0,80.0,88.0,50.0,143.0,93.0,205.0,255.0,,,"34,6","34,6","42,27","0,92","3,28","38,435","5,05","7,62",300,581042,"1,70E-02",20251015_121428,TRUE,2025-04-11,07:22:07,11.04.2025 07:22:40,11.04.2025 07:41:32,2025-04-09 23:42:08_usbtc08_log.csv,"51,5","45,19",2025-04-11 02:21:15_power_log.csv,"1,8","6,0","4,0","0,0","389,48","0,9","1,6","34,21",
2015,W8R4,"224,00","448,00",/media/bellevtx01/tb2025d/desy-tb-2025/tuning/W8R4_DCC/W8R4_DCC_45C_THR45_Max2/20250410_130358_threshold_scan_interpreted.h5,DCC,"52,00","0,0",100.0,64.0,2.0,100.0,250.0,80.0,88.0,50.0,120.0,93.0,200.0,255.0,45,,"43,86","43,86","52,13","0,78","3,29","47,995","5,28","9,08",300,2505,"7,28E-05",20251016_151726,TRUE,2025-04-11,07:43:25,11.04.2025 07:46:22,11.04.2025 08:06:44,2025-04-09 23:42:08_usbtc08_log.csv,"51,5","45,22",2025-04-11 02:21:15_power_log.csv,"1,8","6,0","4,0","0,0","393,23","0,9","1,58","34,3",
2016,W8R4,"224,00","448,00",/media/bellevtx01/tb2025d/desy-tb-2025/tuning/W8R4_DCC/W8R4_DCC_45C_THR50_Max2/20250410_130828_threshold_scan_interpreted.h5,DCC,"52,00","0,0",80.0,64.0,2.0,100.0,250.0,80.0,88.0,50.0,120.0,93.0,200.0,255.0,50,,"47,86","47,86","55,81","0,84","3,39","51,835","5,22","9,92",300,1515,"4,41E-05",20251016_154953,TRUE,2025-04-11,08:07:55,11.04.2025 08:08:30,11.04.2025 08:27:17,2025-04-09 23:42:08_usbtc08_log.csv,"51,5","45,10",2025-04-11 02:21:15_power_log.csv,"1,8","6,0","4,0","0,0","366,83","0,89","1,5","33,37",
2017,W8R4,"224,00","448,00",/media/bellevtx01/tb2025d/desy-tb-2025/tuning/W8R4_DCC/W8R4_DCC_45C_THR55_Max2/20250410_131957_threshold_scan_interpreted.h5,DCC,"52,00","0,0",65.0,64.0,2.0,100.0,250.0,80.0,88.0,50.0,120.0,93.0,200.0,255.0,55,,"52,5","52,5","60,1","0,99","3,47","56,3","5,15","10,94",300,1125,"3,27E-05",20251016_160943,TRUE,2025-04-11,08:28:16,11.04.2025 08:28:39,11.04.2025 08:50:11,2025-04-09 23:42:08_usbtc08_log.csv,"51,5","45,00",2025-04-11 02:21:15_power_log.csv,"1,8","6,0","4,0","0,0","346,89","0,84","1,5","32,69",
2018,W8R4,"224,00","448,00",/media/bellevtx01/tb2025d/desy-tb-2025/tuning/W8R4_DCC/W8R4_DCC_45C_THR57_Max2/20250410_132414_threshold_scan_interpreted.h5,DCC,"52,00","0,0",65.0,70.0,2.0,100.0,250.0,80.0,88.0,50.0,120.0,93.0,200.0,255.0,57,,"55,33","55,33","63,16","1,02","3,43","59,245","5,21","11,38",300,376,"1,09E-05",20251016_162940,TRUE,2025-04-11,08:53:05,11.04.2025 08:53:35,11.04.2025 09:12:22,2025-04-09 23:42:08_usbtc08_log.csv,"51,5","45,04",2025-04-11 02:21:15_power_log.csv,"1,8","6,0","4,0","0,0","347,54","0,9","1,5","32,71",
2020,W8R4,"224,00","448,00",/media/bellevtx01/tb2025d/desy-tb-2025/tuning/W8R4_DCC/W8R4_DCC_standard/20250409_184121_threshold_scan_interpreted.h5,DCC,"793,00","154,0",100.0,64.0,10.0,100.0,250.0,80.0,88.0,50.0,143.0,93.0,205.0,255.0,,,"26,25","26,25","31,46","0,48","1,76","28,855","3,14","9,18",300,297187,"8,70E-03",20251015_145811,TRUE,2025-04-11,09:40:02,11.04.2025 09:41:23,11.04.2025 10:01:10,2025-04-09 23:42:08_usbtc08_log.csv,"24,0","24,75",2025-04-11 09:38:34_power_log.csv,"1,8","6,0","4,0","0,0","371,4","0,3","0,47","4,12",
2021,W8R4,"224,00","448,00",/media/bellevtx01/tb2025d/desy-tb-2025/tuning/W8R4_DCC/W8R4_DCC_standard/20250409_184121_threshold_scan_interpreted.h5,DCC,"793,00","154,0",100.0,64.0,10.0,100.0,250.0,80.0,88.0,50.0,143.0,93.0,205.0,255.0,,,"25,37","25,37","30,22","0,49","1,58","27,795","2,89","9,60",300,641304,"1,88E-02",20251015_153258,TRUE,2025-04-11,10:12:44,11.04.2025 10:13:33,11.04.2025 10:32:15,2025-04-09 23:42:08_usbtc08_log.csv,"17,0","19,58",2025-04-11 09:38:34_power_log.csv,"1,8","6,0","4,0","0,0","367,06","0,3","0,3","2,33",
2022,W8R4,"224,00","448,00",/media/bellevtx01/tb2025d/desy-tb-2025/tuning/W8R4_DCC/W8R4_DCC_standard/20250409_184121_threshold_scan_interpreted.h5,DCC,"793,00","154,0",100.0,64.0,10.0,100.0,250.0,80.0,88.0,50.0,143.0,93.0,205.0,255.0,,,"24,74","24,74","29,34","0,5","1,46","27,04","2,72","9,93",300,2052279,"6,01E-02",20251015_161207,TRUE,2025-04-11,10:45:37,11.04.2025 10:47:13,11.04.2025 11:06:38,2025-04-09 23:42:08_usbtc08_log.csv,"11,0","15,23",2025-04-11 09:38:34_power_log.csv,"1,8","6,0","4,0","0,0","363,27","0,3","0,3","1,41",
2023,W8R4,"224,00","448,00",/media/bellevtx01/tb2025d/desy-tb-2025/tuning/W8R4_DCC/W8R4_DCC_standard/20250409_184121_threshold_scan_interpreted.h5,DCC,"793,00","154,0",100.0,64.0,10.0,100.0,250.0,80.0,88.0,50.0,143.0,93.0,205.0,255.0,,,"24,15","24,15","28,53","0,54","1,34","26,34","2,57","10,26",300,5871046,"1,72E-01",20251015_172003,TRUE,2025-04-11,11:18:15,11.04.2025 11:24:10,11.04.2025 11:42:59,2025-04-09 23:42:08_usbtc08_log.csv,"4,01","10,29",2025-04-11 09:38:34_power_log.csv,"1,8","6,0","4,0","0,0","358,79","0,3","0,2","0,79",
2025,W8R4,"448,00","480,00",/media/bellevtx01/tb2025d/desy-tb-2025/tuning/W8R4_HVC/W8R4_HVC_standard/20250409_133256_threshold_scan_interpreted.h5,HVC,"31,00","31,0",100.0,30.0,30.0,100.0,250.0,80.0,88.0,50.0,50.0,40.0,140.0,255.0,,,"17,87","17,65","21,2","0,4","1,03","19,425","2,05","9,47",300,21,"4,28E-06",20251020_174124,TRUE,2025-04-11,12:07:51,11.04.2025 12:09:34,11.04.2025 12:38:37,2025-04-09 23:42:08_usbtc08_log.csv,"30,01","29,11",2025-04-11 12:07:01_power_log.csv,"1,8","0,0","0,0","5,0","410,32","0,3","0,2","6,71",
2026,W8R4,"448,00","480,00",/media/bellevtx01/tb2025d/desy-tb-2025/tuning/W8R4_HVC/W8R4_HVC_standard/20250409_133256_threshold_scan_interpreted.h5,HVC,"31,00","31,0",100.0,30.0,30.0,100.0,250.0,80.0,88.0,50.0,50.0,40.0,140.0,255.0,,,"39,7","39,19","50,6","0,71","1,76","44,895","5,97","7,52",300,26,"5,30E-06",20251020_180552,TRUE,2025-04-11,12:44:18,11.04.2025 12:49:16,11.04.2025 13:19:15,2025-04-09 23:42:08_usbtc08_log.csv,"30,0","29,19",2025-04-11 12:43:27_power_log.csv,"1,8","0,0","0,0","1,0","410,29","0,3","0,2","6,28",
2027,W8R4,"449,00","480,00",/media/bellevtx01/tb2025d/desy-tb-2025/tuning/W8R4_HVC/W8R4_HVC_30C_PWELL-6/20250411_142106_threshold_scan_interpreted.h5,HVC,"40,00","31,0",100.0,30.0,30.0,100.0,250.0,80.0,88.0,50.0,50.0,40.0,140.0,255.0,34,,"31,78","32,6","34,13","0,76","7,67","33,365","7,71","4,33",300,2724020,"5,74E-01",20251021_110225,TRUE,2025-04-11,14:26:48,,,2025-04-09 23:42:08_usbtc08_log.csv,"30,0","29,24",2025-04-11 14:22:44_power_log.csv,"1,8","6,0","0,0","0,0","407,86","0,4","0,2","6,78",
2028,W8R4,"224,00","448,00",/media/bellevtx01/tb2025d/desy-tb-2025/tuning/W8R4_DCC/W8R4_DCC_standard/20250409_184121_threshold_scan_interpreted.h5,DCC,"793,00","154,0",100.0,64.0,10.0,100.0,250.0,80.0,88.0,50.0,143.0,93.0,205.0,255.0,,,"55,84","55,84","66,74","2,29","2,16","61,29","5,86","10,45",300,96,"2,81E-06",20251013_163505,TRUE,2025-04-11,15:02:57,11.04.2025 15:04:04,11.04.2025 15:22:03,2025-04-09 23:42:08_usbtc08_log.csv,"30,01","29,08",2025-04-11 15:02:41_power_log.csv,"1,8","1,0","0,0","0,0","370,29","0,35","0,2","5,89",same as run 2053
2049,W8R4,"224,00","448,00",/media/bellevtx01/tb2025d/desy-tb-2025/tuning/W8R4_DCC/W8R4_DCC_standard/20250409_184121_threshold_scan_interpreted.h5,DCC,"793,00","154,0",100.0,64.0,10.0,100.0,250.0,80.0,88.0,50.0,143.0,93.0,205.0,255.0,,,"48,23","48,23",58,"1,5","2,08","53,115","5,31","10,00",300,231,"6,76E-06",20251013_165905,TRUE,2025-04-11,18:33:19,11.04.2025 18:33:43,11.04.2025 19:01:50,2025-04-09 23:42:08_usbtc08_log.csv,"30,0","29,16",2025-04-11 17:17:00_power_log.csv,"1,8","2,0","0,0","0,0","371,27","0,4","0,2","6,1",
2050,W8R4,"224,00","448,00",/media/bellevtx01/tb2025d/desy-tb-2025/tuning/W8R4_DCC/W8R4_DCC_standard/20250409_184121_threshold_scan_interpreted.h5,DCC,"793,00","154,0",100.0,64.0,10.0,100.0,250.0,80.0,88.0,50.0,143.0,93.0,205.0,255.0,,,"40,79","40,79","49,23","1,28","2,03","45,01","4,68","9,61",300,"23,98","7,02E-07",20251013_181505,TRUE,2025-04-11,19:03:08,11.04.2025 19:03:32,11.04.2025 19:22:10,2025-04-09 23:42:08_usbtc08_log.csv,"30,0","29,14",2025-04-11 19:02:33_power_log.csv,"1,8","3,0","0,0","0,0","372,4","0,39","0,2","6,19",
2051,W8R4,"224,00","448,00",/media/bellevtx01/tb2025d/desy-tb-2025/tuning/W8R4_DCC/W8R4_DCC_standard/20250409_184121_threshold_scan_interpreted.h5,DCC,"793,00","154,0",100.0,64.0,10.0,100.0,250.0,80.0,88.0,50.0,143.0,93.0,205.0,255.0,,,"34,51","34,51","41,81","0,83","2,02","38,16","4,17","9,15",300,17435,"5,10E-04",20251013_183419,TRUE,2025-04-11,19:22:57,,,2025-04-09 23:42:08_usbtc08_log.csv,"30,0","29,13",2025-04-11 19:22:43_power_log.csv,"1,8","4,0","0,0","0,0","373,29","0,4","0,2","6,25",
2052,W8R4,"224,00","448,00",/media/bellevtx01/tb2025d/desy-tb-2025/tuning/W8R4_DCC/W8R4_DCC_standard/20250409_184121_threshold_scan_interpreted.h5,DCC,"793,00","154,0",100.0,64.0,10.0,100.0,250.0,80.0,88.0,50.0,143.0,93.0,205.0,255.0,,,"30,01","30,01","36,28","0,57","1,97","33,145","3,70","8,95",300,63288,"1,85E-03",20251013_185256,TRUE,2025-04-11,19:43:45,11.04.2025 19:45:06,11.04.2025 20:04:00,2025-04-09 23:42:08_usbtc08_log.csv,"30,0","29,11",2025-04-11 19:43:06_power_log.csv,"1,8","5,0","0,0","0,0","374,0","0,36","0,2","6,31",
2053,W8R4,"224,00","448,00",/media/bellevtx01/tb2025d/desy-tb-2025/tuning/W8R4_DCC/W8R4_DCC_standard/20250409_184121_threshold_scan_interpreted.h5,DCC,"793,00","154,0",100.0,64.0,10.0,100.0,250.0,80.0,88.0,50.0,143.0,93.0,205.0,255.0,,,"55,84","55,84","66,74","2,29","2,16","61,29","5,86","10,45",300,96,"2,81E-06",20251013_163505,TRUE,2025-04-11,20:26:49,11.04.2025 20:27:19,11.04.2025 20:45:13,2025-04-09 23:42:08_usbtc08_log.csv,"30,0","29,08",2025-04-11 20:25:37_power_log.csv,"1,8","1,0","0,0","0,0","370,24","0,33","0,2","5,87",same as run 2028
2065,W2R5,"449,00","480,00",/media/bellevtx01/tb2025d/desy-tb-2025/tuning/W2R5_HVC/W2R5_HVC_NTC40C_THR25/20250411_220428_threshold_scan_interpreted.h5,HVC,"0,00","0,0",100.0,40.0,5.0,88.0,200.0,80.0,88.0,50.0,50.0,40.0,140.0,255.0,,"24,5",,,,,,0,"0,00",#DIV/0!,,,#DIV/0!,,FALSE,2025-04-11,22:41:54,11.04.2025 22:42:17,11.04.2025 23:11:46,2025-04-11 21:18:35_usbtc08_log.csv,"45,0","40,25",2025-04-11 22:03:35_power_log.csv,"1,8","0,0","0,0","40,0","418,56","0,61","0,3","59,01",
2066,W2R5,"449,00","480,00",/media/bellevtx01/tb2025d/desy-tb-2025/tuning/W2R5_HVC/W2R5_HVC_NTC40C_THR30/20250411_221931_threshold_scan_interpreted.h5,HVC,"0,00","0,0",100.0,50.0,3.0,88.0,200.0,80.0,88.0,50.0,50.0,40.0,140.0,255.0,,"30,9",,,,,,0,"0,00",#DIV/0!,,,#DIV/0!,,FALSE,2025-04-11,23:13:07,11.04.2025 23:31:07,12.04.2025 00:01:57,2025-04-11 21:18:35_usbtc08_log.csv,"45,0","40,26",2025-04-11 22:03:35_power_log.csv,"1,8","0,0","0,0","40,0","419,69","0,65","0,3","59,02",
2067,W2R5,"449,00","480,00",/media/bellevtx01/tb2025d/desy-tb-2025/tuning/W2R5_HVC/W2R5_HVC_NTC40C_THR35/20250411_222605_threshold_scan_interpreted.h5,HVC,"0,00","0,0",80.0,60.0,3.0,88.0,200.0,80.0,88.0,50.0,50.0,40.0,140.0,255.0,,"35,5",,,,,,0,"0,00",#DIV/0!,,,#DIV/0!,,FALSE,2025-04-12,00:02:40,12.04.2025 00:03:09,12.04.2025 00:33:51,2025-04-11 21:18:35_usbtc08_log.csv,"45,0","40,25",2025-04-11 22:03:35_power_log.csv,"1,8","0,0","0,0","40,0","419,63","0,6","0,25","58,95",
2070,W8R6,"448,00","480,00",/media/bellevtx01/tb2025d/desy-tb-2025/tuning/W8R6_HVC/W8R6_HVC_40C_THR25/20250412_015907_threshold_scan_interpreted.h5,HVC,"31,00","31,0",100.0,40.0,15.0,100.0,250.0,80.0,88.0,50.0,50.0,40.0,140.0,255.0,,"24,6","24,2","23,4","27,9","0,7","2,63","25,65","3,46","7,41",300,40,"8,15E-06",20250916_154549,TRUE,2025-04-12,02:26:41,12.04.2025 02:27:21,12.04.2025 03:01:30,2025-04-12 01:12:30_usbtc08_log.csv,"45,0","40,75",2025-04-12 02:25:49_power_log.csv,"1,8","0,0","0,0","40,0","412,41","1,0","0,29","134,47",
2071,W8R6,"448,00","480,00",/media/bellevtx01/tb2025d/desy-tb-2025/tuning/W8R6_HVC/W8R6_HVC_40C_THR30/20250412_020720_threshold_scan_interpreted.h5,HVC,"31,00","31,0",100.0,45.0,6.0,100.0,250.0,80.0,88.0,50.0,50.0,40.0,140.0,255.0,,"30,6","29,72",29,"33,8","0,99","2,71","31,4","3,62","8,67",300,62,"1,26E-05",20250916_162506,TRUE,2025-04-12,03:02:07,12.04.2025 03:02:36,12.04.2025 03:35:01,2025-04-12 01:12:30_usbtc08_log.csv,"45,0","40,77",2025-04-12 02:25:49_power_log.csv,"1,8","0,0","0,0","40,0","412,41","1,0","0,29","134,34",
2072,W8R6,"448,00","480,00",/media/bellevtx01/tb2025d/desy-tb-2025/tuning/W8R6_HVC/W8R6_HVC_40C_THR35/20250412_022011_threshold_scan_interpreted.h5,HVC,"31,00","31,0",100.0,60.0,5.0,100.0,250.0,80.0,88.0,50.0,50.0,40.0,140.0,255.0,,"35,3","34,61","33,84","38,59","0,69","2,6","36,215","3,52","10,28",300,37,"7,54E-06",20250916_171329,TRUE,2025-04-12,03:35:50,12.04.2025 03:36:12,12.04.2025 04:10:36,2025-04-12 01:12:30_usbtc08_log.csv,"45,0","40,78",2025-04-12 02:25:49_power_log.csv,"1,8","0,0","0,0","40,0","414,18","1,0","0,28","134,69",
2081,W8R6,"224,00","448,00",/media/bellevtx01/tb2025d/desy-tb-2025/tuning/W8R6_DCC/W8R6_DCC_NTC40_THR55/20250412_013251_threshold_scan_interpreted.h5,DCC,"1.870,00","156,0",80.0,64.0,3.0,100.0,250.0,80.0,88.0,50.0,143.0,93.0,205.0,255.0,,"54,7","49,56","49,56","63,61","1,56","5,17","56,585","8,72","6,49",300,15359,"4,54E-04",20250915_162937,TRUE,2025-04-12,05:23:40,12.04.2025 05:24:10,12.04.2025 05:46:30,2025-04-12 01:12:30_usbtc08_log.csv,"45,0","40,66",2025-04-12 05:22:43_power_log.csv,"1,8","6,0","14,0","0,0","367,37","2,1","1,72","117,35",
2082,W8R6,"224,00","448,00",/media/bellevtx01/tb2025d/desy-tb-2025/tuning/W8R6_DCC/W8R6_DCC_NTC40_THR59/20250412_013606_threshold_scan_interpreted.h5,DCC,"1.870,00","156,0",80.0,64.0,0.0,100.0,250.0,80.0,88.0,50.0,143.0,93.0,205.0,255.0,,"59,2","60,15","60,15","74,1","2,02","5,43","67,125","8,84","7,59",300,6182,"1,83E-04",20250915_171651,TRUE,2025-04-12,05:46:58,12.04.2025 05:48:10,12.04.2025 06:10:13,2025-04-12 01:12:30_usbtc08_log.csv,"45,0","40,64",2025-04-12 05:22:43_power_log.csv,"1,8","6,0","14,0","0,0","363,76","2,1","1,68","116,27",same as 2084
2084,W8R6,"224,00","448,00",/media/bellevtx01/tb2025d/desy-tb-2025/tuning/W8R6_DCC/W8R6_DCC_NTC40_THR59/20250412_013606_threshold_scan_interpreted.h5,DCC,"1.870,00","156,0",80.0,64.0,0.0,100.0,250.0,80.0,88.0,50.0,143.0,93.0,205.0,255.0,,"65,1","60,15","60,15","74,1","2,02","5,43","67,125","8,84","7,59",300,6182,"1,83E-04",20250915_171651,TRUE,2025-04-12,06:14:14,12.04.2025 06:16:16,12.04.2025 06:39:09,2025-04-12 01:12:30_usbtc08_log.csv,"45,0","40,63",2025-04-12 06:13:42_power_log.csv,"1,8","6,0","14,0","0,0","363,73","2,1","1,71","116,21",same as 2082
2088,W8R6,"224,00","448,00",/media/bellevtx01/tb2025d/desy-tb-2025/tuning/W8R6_DCC/W8R6_DCC_TNTC_30C/20250402_204214_threshold_scan_interpreted.h5,DCC,"1.866,00","156,0",100.0,64.0,10.0,100.0,250.0,80.0,88.0,50.0,143.0,93.0,205.0,255.0,,"27,4","27,6","27,6",38,"0,6","3,4","32,8","6,21","5,28",100,102023,"9,04E-03",20250701_083440,TRUE,2025-04-12,07:45:51,12.04.2025 07:46:29,12.04.2025 08:01:31,2025-04-12 07:29:02_usbtc08_log.csv,"32,01","30,55",2025-04-12 07:45:10_power_log.csv,"1,8","6,0","14,0","0,0","386,42","1,1","0,87","45,76",Same reg as 1680 but slightly higher temp. And IHV 
2089,W8R6,"448,00","480,00",/media/bellevtx01/tb2025d/desy-tb-2025/tuning/W8R6_HVC/W8R6_HVC_30C/20250316_151915_threshold_scan_interpreted.h5,HVC,"31,00","31,0",100.0,30.0,30.0,100.0,250.0,80.0,88.0,50.0,50.0,40.0,140.0,255.0,,"13,3","13,6","13,1","16,8","0,3","1,8","14,95","2,58","5,79",300,3491,"7,12E-04",20250905_171221,TRUE,2025-04-12,08:07:54,12.04.2025 08:08:41,12.04.2025 08:58:29,2025-04-12 07:29:02_usbtc08_log.csv,"32,0","30,69",2025-04-12 08:03:24_power_log.csv,"1,8","0,0","0,0","40,0","408,33","0,6","0,2","50,57",
2093,W8R6,"448,00","480,00",/media/bellevtx01/tb2025d/desy-tb-2025/tuning/W8R6_HVC/W8R6_HVC_30C/20250316_151915_threshold_scan_interpreted.h5,HVC,"31,00","31,0",100.0,30.0,30.0,100.0,250.0,80.0,88.0,50.0,50.0,40.0,140.0,255.0,,"14,3","15,8","15,14","19,1","0,4","2,21","17,12","2,97","5,77",300,9981,"2,03E-03",20250829_103152,TRUE,2025-04-12,09:51:31,12.04.2025 09:52:02,12.04.2025 10:12:21,2025-04-12 09:10:55_usbtc08_log.csv,"38,0","35,33",2025-04-12 09:31:40_power_log.csv,"1,8","0,0","0,0","40,0","409,99","0,74","0,23","79,57",
2094,W8R6,"224,00","448,00",/media/bellevtx01/tb2025d/desy-tb-2025/tuning/W8R6_DCC/W8R6_DCC_TNTC_35C/20250403_124234_threshold_scan_interpreted.h5,DCC,"1.870,00","156,0",100.0,64.0,10.0,100.0,250.0,80.0,88.0,50.0,143.0,93.0,205.0,255.0,,"32,3","31,8","31,8","43,4","0,8","4,09","37,6","7,10","5,30",100,182686,"1,62E-02",20250701_122526,TRUE,2025-04-12,10:15:01,12.04.2025 10:15:27,12.04.2025 10:30:14,2025-04-12 09:10:55_usbtc08_log.csv,"38,0","35,35",2025-04-12 10:14:12_power_log.csv,"1,8","6,0","14,0","0,0","393,0","1,5","1,2","73,31",
2100,W2R17,"224,00","448,00",/media/bellevtx01/tb2025d/desy-tb-2025/tuning/W2R17_DCC/W2R17_DCC_30C_THR55/20250410_224331_threshold_scan_interpreted.h5,DCC,"1.060,00","2,0",60.0,64.0,5.0,100.0,250.0,80.0,88.0,50.0,143.0,93.0,205.0,255.0,"54,3",55,"50,9","50,9",,"1,3","2,96","25,45","25,62","0,99",300,1161,"3,41E-05",20250917_163204,TRUE,2025-04-12,11:26:24,12.04.2025 11:26:46,12.04.2025 11:45:22,2025-04-12 10:50:30_usbtc08_log.csv,"31,01","29,59",2025-04-12 11:26:04_power_log.csv,"1,8","6,0","9,0","0,0","331,81","0,6","0,67","-1,52",
2112,W2R17,"224,00","448,00",/media/bellevtx01/tb2025d/desy-tb-2025/tuning/W2R17_DCC/W2R17_DCC_30C_THR50/20250410_231253_threshold_scan_interpreted.h5,DCC,"1.061,00","2,0",70.0,64.0,5.0,100.0,250.0,80.0,88.0,50.0,143.0,93.0,205.0,255.0,"49,6",50,47,47,,"1,1","2,99","23,5","23,69","0,99",300,1584,"4,65E-05",20250917_163918,TRUE,2025-04-12,12:43:07,12.04.2025 12:43:34,12.04.2025 13:00:24,2025-04-12 10:50:30_usbtc08_log.csv,"31,0","29,67",2025-04-12 12:40:42_power_log.csv,"1,8","6,0","9,0","0,0","343,22","0,6","0,61","-1,65",
2116,W2R17,"224,00","448,00",/media/bellevtx01/tb2025d/desy-tb-2025/tuning/W2R17_DCC/W2R17_DCC_30C_THR45/20250411_115526_threshold_scan_interpreted.h5,DCC,"1.387,00","2,0",80.0,64.0,5.0,100.0,250.0,80.0,88.0,50.0,143.0,93.0,205.0,255.0,"46,1","45,9","43,8","43,8",,"1,5","2,96","21,9","22,10","0,99",300,2771,"8,15E-05",20250917_164624,TRUE,2025-04-12,13:07:13,12.04.2025 13:07:39,12.04.2025 13:24:34,2025-04-12 10:50:30_usbtc08_log.csv,"31,0","29,73",2025-04-12 13:06:52_power_log.csv,"1,8","6,0","9,0","0,0","353,63","0,6","0,62","-1,76",
2121,W2R17,"224,00","448,00",/media/bellevtx01/tb2025d/desy-tb-2025/tuning/W2R17_DCC/W2R17_DCC_30C_THR45/20250411_115526_threshold_scan_interpreted.h5,DCC,"1.387,00","2,0",80.0,64.0,5.0,100.0,250.0,80.0,88.0,50.0,143.0,93.0,205.0,255.0,"46,1","46,1",44,44,,"1,32","3,01",22,"22,20","0,99",300,17253,"5,08E-04",20250411_115526,TRUE,2025-04-12,13:39:08,12.04.2025 13:39:31,12.04.2025 13:58:19,2025-04-12 10:50:30_usbtc08_log.csv,"31,0","29,73",2025-04-12 13:35:26_power_log.csv,"1,8","6,0","0,0","0,0","352,43","0,6","0,2","-1,84",
2130,W2R17,"224,00","448,00",/media/bellevtx01/tb2025d/desy-tb-2025/tuning/W2R17_DCC/W2R17_DCC_30C_THR45/20250411_115526_threshold_scan_interpreted.h5,DCC,"1.387,00","2,0",80.0,64.0,5.0,100.0,250.0,80.0,88.0,50.0,143.0,93.0,205.0,255.0,,45,"44,07","44,07",,"1,27","3,07","22,035","22,25","0,99",300,22455,"6,61E-04",20250926_104246,TRUE,2025-04-12,15:17:54,12.04.2025 15:18:26,12.04.2025 15:30:36,2025-04-12 10:50:30_usbtc08_log.csv,"31,0","29,80",2025-04-12 15:15:53_power_log.csv,"1,8","6,0","1,0","0,0","353,24","0,61","0,3","-1,76",
2135,W2R17,"224,00","448,00",/media/bellevtx01/tb2025d/desy-tb-2025/tuning/W2R17_DCC/W2R17_DCC_30C_THR45/20250411_115526_threshold_scan_interpreted.h5,DCC,"1.387,00","2,0",80.0,64.0,5.0,100.0,250.0,80.0,88.0,50.0,143.0,93.0,205.0,255.0,"46,3",45,"44,08","44,08",,"1,27","3,13","22,04","22,26","0,99",300,22762,"6,70E-04",20250926_105718,TRUE,2025-04-12,16:07:49,12.04.2025 16:08:21,12.04.2025 16:16:06,2025-04-12 10:50:30_usbtc08_log.csv,"31,0","29,84",2025-04-12 16:07:16_power_log.csv,"1,8","6,0","2,0","0,0","353,49","0,6","0,3","-1,74",same as run 2136
2136,W2R17,"224,00","448,00",/media/bellevtx01/tb2025d/desy-tb-2025/tuning/W2R17_DCC/W2R17_DCC_30C_THR45/20250411_115526_threshold_scan_interpreted.h5,DCC,"1.387,00","2,0",80.0,64.0,5.0,100.0,250.0,80.0,88.0,50.0,143.0,93.0,205.0,255.0,"46,3",45,"44,08","44,08",,"1,27","3,13","22,04","22,26","0,99",300,22762,"6,70E-04",20250926_105718,TRUE,2025-04-12,16:17:46,12.04.2025 16:18:11,12.04.2025 16:26:13,2025-04-12 10:50:30_usbtc08_log.csv,"31,0","29,85",2025-04-12 16:07:16_power_log.csv,"1,8","6,0","2,0","0,0","353,41","0,64","0,3","-1,71",same as run 2135
2137,W2R17,"224,00","448,00",/media/bellevtx01/tb2025d/desy-tb-2025/tuning/W2R17_DCC/W2R17_DCC_30C_THR45/20250411_115526_threshold_scan_interpreted.h5,DCC,"1.387,00","2,0",80.0,64.0,5.0,100.0,250.0,80.0,88.0,50.0,143.0,93.0,205.0,255.0,"46,2",45,"43,96","43,96",,"1,26","3,17","21,98","22,21","0,99",300,24267,"7,14E-04",20250926_111438,TRUE,2025-04-12,16:27:30,12.04.2025 16:27:59,12.04.2025 16:36:29,2025-04-12 10:50:30_usbtc08_log.csv,"31,01","29,87",2025-04-12 16:26:46_power_log.csv,"1,8","6,0","3,0","0,0","353,57","0,61","0,3","-1,74",
2139,W2R17,"224,00","448,00",/media/bellevtx01/tb2025d/desy-tb-2025/tuning/W2R17_DCC/W2R17_DCC_30C_THR45/20250411_115526_threshold_scan_interpreted.h5,DCC,"1.387,00","2,0",80.0,64.0,5.0,100.0,250.0,80.0,88.0,50.0,143.0,93.0,205.0,255.0,"46,2",45,44,44,,"1,31","3,13",22,"22,22","0,99",300,33703,"9,92E-04",20250926_114936,TRUE,2025-04-12,16:42:32,12.04.2025 16:43:01,12.04.2025 16:51:40,2025-04-12 10:50:30_usbtc08_log.csv,"31,01","29,89",2025-04-12 16:41:45_power_log.csv,"1,8","6,0","4,0","0,0","353,64","0,6","0,3","-1,71",
2140,W2R17,"224,00","448,00",/media/bellevtx01/tb2025d/desy-tb-2025/tuning/W2R17_DCC/W2R17_DCC_30C_THR45/20250411_115526_threshold_scan_interpreted.h5,DCC,"1.387,00","2,0",80.0,64.0,5.0,100.0,250.0,80.0,88.0,50.0,143.0,93.0,205.0,255.0,,45,"43,89","43,89",,"1,33","3,13","21,945","22,17","0,99",300,31461,"9,26E-04",20250926_120637,TRUE,2025-04-12,16:52:49,12.04.2025 16:54:04,12.04.2025 17:02:51,2025-04-12 10:50:30_usbtc08_log.csv,"31,0","29,92",2025-04-12 16:52:13_power_log.csv,"1,8","6,0","5,0","0,0","353,64","0,6","0,3","-1,7",
2145,W2R17,"224,00","448,00",/media/bellevtx01/tb2025d/desy-tb-2025/tuning/W2R17_DCC/W2R17_DCC_30C_THR45/20250411_115526_threshold_scan_interpreted.h5,DCC,"1.387,00","2,0",80.0,64.0,5.0,100.0,250.0,80.0,88.0,50.0,143.0,93.0,205.0,255.0,"46,2",45,"43,78","43,78",,"1,3","3,07","21,89","22,10","0,99",300,20860,"6,14E-04",20250926_122009,TRUE,2025-04-12,17:46:08,12.04.2025 17:46:45,12.04.2025 17:55:27,2025-04-12 10:50:30_usbtc08_log.csv,"31,0","29,95",2025-04-12 17:43:28_power_log.csv,"1,8","6,0","6,0","0,0","353,73","0,6","0,3","-1,67",
2147,W2R17,"224,00","448,00",/media/bellevtx01/tb2025d/desy-tb-2025/tuning/W2R17_DCC/W2R17_DCC_30C_THR45/20250411_115526_threshold_scan_interpreted.h5,DCC,"1.387,00","2,0",80.0,64.0,5.0,100.0,250.0,80.0,88.0,50.0,143.0,93.0,205.0,255.0,,45,"43,92","43,92",,"1,34","3,02","21,96","22,17","0,99",300,6082,"1,79E-04",20251007_164009,TRUE,2025-04-12,18:06:46,12.04.2025 18:07:16,12.04.2025 18:15:00,2025-04-12 10:50:30_usbtc08_log.csv,"31,0","29,97",2025-04-12 17:56:08_power_log.csv,"1,8","6,0","7,0","0,0","353,77","0,6","0,3","-1,64",
2149,W2R17,"224,00","448,00",/media/bellevtx01/tb2025d/desy-tb-2025/tuning/W2R17_DCC/W2R17_DCC_30C_THR45/20250411_115526_threshold_scan_interpreted.h5,DCC,"1.387,00","2,0",80.0,64.0,5.0,100.0,250.0,80.0,88.0,50.0,143.0,93.0,205.0,255.0,"45,9",45,"43,74","43,74",,"1,31","3,06","21,87","22,08","0,99",300,6014,"1,77E-04",20251007_164917,TRUE,2025-04-12,18:36:21,12.04.2025 18:39:37,12.04.2025 18:47:08,2025-04-12 10:50:30_usbtc08_log.csv,"31,0","29,97",2025-04-12 18:15:41_power_log.csv,"1,8","6,0","8,0","0,0","353,77","0,6","0,4","-1,72",
2151,W2R17,"224,00","448,00",/media/bellevtx01/tb2025d/desy-tb-2025/tuning/W2R17_DCC/W2R17_DCC_30C_THR45/20250411_115526_threshold_scan_interpreted.h5,DCC,"1.387,00","2,0",80.0,64.0,5.0,100.0,250.0,80.0,88.0,50.0,143.0,93.0,205.0,255.0,"43,1",,"40,84","40,84",,"1,4","2,64","20,42","20,59","0,99",300,43359,"1,28E-03",20250925_153642,TRUE,2025-04-12,19:04:11,12.04.2025 19:04:35,12.04.2025 19:12:18,2025-04-12 10:50:30_usbtc08_log.csv,"23,99","24,86",2025-04-12 19:03:44_power_log.csv,"1,8","6,0","9,0","0,0","350,18","0,4","0,46","-1,7",
2152,W2R17,"224,00","448,00",/media/bellevtx01/tb2025d/desy-tb-2025/tuning/W2R17_DCC/W2R17_DCC_30C_THR45/20250411_115526_threshold_scan_interpreted.h5,DCC,"1.387,00","2,0",80.0,64.0,5.0,100.0,250.0,80.0,88.0,50.0,143.0,93.0,205.0,255.0,"40,9",,"38,91","38,91",,"1,47","2,43","19,455","19,61","0,99",300,29264,"8,61E-04",20250925_160503,TRUE,2025-04-12,22:49:37,12.04.2025 22:50:13,12.04.2025 22:57:36,2025-04-12 10:50:30_usbtc08_log.csv,"18,0","20,29",2025-04-12 19:03:44_power_log.csv,"1,8","6,0","9,0","0,0","347,09","0,3","0,3","-1,66",
2153,W2R17,"224,00","448,00",/media/bellevtx01/tb2025d/desy-tb-2025/tuning/W2R17_DCC/W2R17_DCC_30C_THR45/20250411_115526_threshold_scan_interpreted.h5,DCC,"1.387,00","2,0",80.0,64.0,5.0,100.0,250.0,80.0,88.0,50.0,143.0,93.0,205.0,255.0,"39,2",,"37,19","37,19",,"1,52","2,15","18,595","18,72","0,99",300,35905,"1,06E-03",20250925_165857,TRUE,2025-04-12,23:11:22,12.04.2025 23:12:21,12.04.2025 23:19:40,2025-04-12 10:50:30_usbtc08_log.csv,"11,0","15,36",2025-04-12 19:03:44_power_log.csv,"1,8","6,0","9,0","0,0","343,52","0,3","0,21","-1,63",same as run 2154
2154,W2R17,"224,00","448,00",/media/bellevtx01/tb2025d/desy-tb-2025/tuning/W2R17_DCC/W2R17_DCC_30C_THR45/20250411_115526_threshold_scan_interpreted.h5,DCC,"1.387,00","2,0",80.0,64.0,5.0,100.0,250.0,80.0,88.0,50.0,143.0,93.0,205.0,255.0,"39,2",,"37,19","37,19",,"1,52","2,15","18,595","18,72","0,99",300,35905,"1,06E-03",20250925_165857,TRUE,2025-04-12,23:19:53,12.04.2025 23:20:20,12.04.2025 23:27:40,2025-04-12 10:50:30_usbtc08_log.csv,"11,0","15,30",2025-04-12 19:03:44_power_log.csv,"1,8","6,0","9,0","0,0","343,47","0,3","0,2","-1,62",same as run 2153
2156,W2R17,"224,00","448,00",/media/bellevtx01/tb2025d/desy-tb-2025/tuning/W2R17_DCC/W2R17_DCC_30C_THR45/20250411_115526_threshold_scan_interpreted.h5,DCC,"1.387,00","2,0",80.0,64.0,5.0,100.0,250.0,80.0,88.0,50.0,143.0,93.0,205.0,255.0,"37,7",,"36,29","36,29",,"1,57","1,85","18,145","18,24","0,99",300,1112,"3,27E-05",20251008_112617,TRUE,2025-04-12,23:45:04,12.04.2025 23:45:29,12.04.2025 23:52:55,2025-04-12 10:50:30_usbtc08_log.csv,"4,04","10,35",2025-04-12 23:44:17_power_log.csv,"1,8","6,0","9,0","0,0","339,77","0,3","0,2","-1,58",same as run 2157
2157,W2R17,"224,00","448,00",/media/bellevtx01/tb2025d/desy-tb-2025/tuning/W2R17_DCC/W2R17_DCC_30C_THR45/20250411_115526_threshold_scan_interpreted.h5,DCC,"1.387,00","2,0",80.0,64.0,5.0,100.0,250.0,80.0,88.0,50.0,143.0,93.0,205.0,255.0,"37,7",,"36,29","36,29",,"1,57","1,85","18,145","18,24","0,99",300,1112,"3,27E-05",20251008_112617,TRUE,2025-04-12,23:53:08,12.04.2025 23:53:39,13.04.2025 00:01:35,2025-04-12 10:50:30_usbtc08_log.csv,"3,99","10,28",2025-04-12 23:44:17_power_log.csv,"1,8","6,0","9,0","0,0","339,72","0,3","0,2","-1,54",same as run 2156
2159,W2R17,"224,00","448,00",/media/bellevtx01/tb2025d/desy-tb-2025/tuning/W2R17_DCC/W2R17_DCC_30C_THR45/20250411_115526_threshold_scan_interpreted.h5,DCC,"1.387,00","2,0",80.0,64.0,5.0,100.0,250.0,80.0,88.0,50.0,143.0,93.0,205.0,255.0,"50,2",,"47,88","47,88",,"1,38","3,72","23,94","24,23","0,99",100,79376,"7,01E-03",20250925_113147,TRUE,2025-04-13,00:23:42,13.04.2025 00:24:47,13.04.2025 00:32:04,2025-04-12 10:50:30_usbtc08_log.csv,"38,0","34,60",2025-04-13 00:22:42_power_log.csv,"1,8","6,0","9,0","0,0","357,47","0,78","0,8","-1,69",same as run 2161
2161,W2R17,"224,00","448,00",/media/bellevtx01/tb2025d/desy-tb-2025/tuning/W2R17_DCC/W2R17_DCC_30C_THR45/20250411_115526_threshold_scan_interpreted.h5,DCC,"1.387,00","2,0",80.0,64.0,5.0,100.0,250.0,80.0,88.0,50.0,143.0,93.0,205.0,255.0,"50,2",,"47,88","47,88",,"1,38","3,72","23,94","24,23","0,99",100,79376,"7,01E-03",20250925_113147,TRUE,2025-04-13,00:34:14,13.04.2025 00:34:41,13.04.2025 00:42:05,2025-04-12 10:50:30_usbtc08_log.csv,"38,01","34,79",2025-04-13 00:33:42_power_log.csv,"1,8","6,0","9,0","0,0","357,56","0,76","0,79","-1,68",same as run 2159
2162,W2R17,"224,00","448,00",/media/bellevtx01/tb2025d/desy-tb-2025/tuning/W2R17_DCC/W2R17_DCC_30C_THR50/20250410_231253_threshold_scan_interpreted.h5,DCC,"1.061,00","2,0",70.0,64.0,5.0,100.0,250.0,80.0,88.0,50.0,143.0,93.0,205.0,255.0,"55,1",,"52,4","52,4",,"1,33","3,78","23,94","24,24","0,99",300,23400,"6,86E-04",20250925_115820,TRUE,2025-04-13,00:44:23,13.04.2025 00:44:48,13.04.2025 00:52:07,2025-04-12 10:50:30_usbtc08_log.csv,"38,0","34,82",2025-04-13 00:33:42_power_log.csv,"1,8","6,0","9,0","0,0","346,08","0,77","0,7","-1,59",same as run 2165
2165,W2R17,"224,00","448,00",/media/bellevtx01/tb2025d/desy-tb-2025/tuning/W2R17_DCC/W2R17_DCC_30C_THR50/20250410_231253_threshold_scan_interpreted.h5,DCC,"1.061,00","2,0",70.0,64.0,5.0,100.0,250.0,80.0,88.0,50.0,143.0,93.0,205.0,255.0,"55,1",,"52,4","52,4",,"1,33","3,78","26,2","26,47","0,99",300,23400,"6,86E-04",20250925_115820,TRUE,2025-04-13,01:00:18,,,2025-04-12 10:50:30_usbtc08_log.csv,"38,0","35,02",2025-04-13 00:59:37_power_log.csv,"1,8","6,0","9,0","0,0","346,13","0,74","0,71","-1,52",same as run 2162
2166,W2R17,"224,00","448,00",/media/bellevtx01/tb2025d/desy-tb-2025/tuning/W2R17_DCC/W2R17_DCC_30C_THR55/20250410_225613_noise_occupancy_scan_interpreted.h5,DCC,"1.061,00","2,0",60.0,64.0,5.0,100.0,250.0,80.0,88.0,50.0,143.0,93.0,205.0,255.0,"60,7",,"56,93","56,93",,"1,37","3,9","28,465","28,73","0,99",300,9434,"2,77E-04",20250925_145833,TRUE,2025-04-13,01:09:56,13.04.2025 01:11:07,13.04.2025 01:18:41,2025-04-12 10:50:30_usbtc08_log.csv,"38,0","34,81",2025-04-13 01:09:05_power_log.csv,"1,8","6,0","9,0","0,0","333,94","0,7","0,73","-1,36",same as run 2167
2167,W2R17,"224,00","448,00",/media/bellevtx01/tb2025d/desy-tb-2025/tuning/W2R17_DCC/W2R17_DCC_30C_THR55/20250410_225613_noise_occupancy_scan_interpreted.h5,DCC,"1.061,00","2,0",60.0,64.0,5.0,100.0,250.0,80.0,88.0,50.0,143.0,93.0,205.0,255.0,"60,7",,"56,93","56,93",,"1,37","3,9","28,465","28,73","0,99",300,9434,"2,77E-04",20250925_145833,TRUE,2025-04-13,01:19:04,13.04.2025 01:19:55,13.04.2025 01:27:14,2025-04-12 10:50:30_usbtc08_log.csv,"38,0","34,81",2025-04-13 01:09:05_power_log.csv,"1,8","6,0","9,0","0,0","333,91","0,72","0,7","-1,36",same as run 2166
2172,W2R17,"224,00","448,00",/media/bellevtx01/tb2025d/desy-tb-2025/tuning/W2R17_DCC/W2R17_DCC_30C_THR45/20250411_115526_threshold_scan_interpreted.h5,DCC,"1.387,00","2,0",80.0,64.0,5.0,100.0,250.0,80.0,88.0,50.0,143.0,93.0,205.0,255.0,"58,8",,"54,74","54,74",,"2,18","3,01","27,37","27,54","0,99",300,262,"7,71E-06",20251007_153623,TRUE,2025-04-13,13:20:21,13.04.2025 13:21:30,13.04.2025 13:28:49,2025-04-13 10:57:58_usbtc08_log.csv,"31,0","29,76",2025-04-13 13:19:22_power_log.csv,"1,8","4,0","0,0","0,0","351,38","0,5","0,2","0,0",
2174,W2R17,"224,00","448,00",/media/bellevtx01/tb2025d/desy-tb-2025/tuning/W2R17_DCC/W2R17_DCC_30C_THR45/20250411_115526_threshold_scan_interpreted.h5,DCC,"1.387,00","2,0",80.0,64.0,5.0,100.0,250.0,80.0,88.0,50.0,143.0,93.0,205.0,255.0,"65,7",,"61,43","61,43",,"2,52","3,14","30,715","30,88","0,99",300,205,"6,03E-06",20251007_155256,TRUE,2025-04-13,13:32:10,13.04.2025 13:33:08,13.04.2025 13:40:25,2025-04-13 10:57:58_usbtc08_log.csv,"31,0","29,76",2025-04-13 13:31:16_power_log.csv,"1,8","3,0","0,0","0,0","350,89","0,55","0,21","0,0",
2176,W2R17,"224,00","448,00",/media/bellevtx01/tb2025d/desy-tb-2025/tuning/W2R17_DCC/W2R17_DCC_30C_THR45/20250411_115526_threshold_scan_interpreted.h5,DCC,"1.387,00","2,0",80.0,64.0,5.0,100.0,250.0,80.0,88.0,50.0,143.0,93.0,205.0,255.0,"73,1",,"68,48","68,48",,"3,02","3,25","34,24","34,39","1,00",300,152,"4,47E-06",20251007_160818,TRUE,2025-04-13,13:43:37,13.04.2025 13:43:59,13.04.2025 13:51:12,2025-04-13 10:57:58_usbtc08_log.csv,"31,0","29,76",2025-04-13 13:42:51_power_log.csv,"1,8","2,0","0,0","0,0","350,35","0,51","0,2","0,0",
2182,W2R17,"224,00","448,00",/media/bellevtx01/tb2025d/desy-tb-2025/tuning/W2R17_DCC/W2R17_DCC_35C_THR55/20250410_224331_threshold_scan_interpreted.h5,DCC,"1.060,00","2,0",60.0,64.0,5.0,100.0,250.0,80.0,88.0,50.0,143.0,93.0,205.0,255.0,"69,4",,"65,32","65,32",,"1,72","4,59","32,66","32,98","0,99",300,1447,"4,24E-05",20251007_180215,TRUE,2025-04-13,14:34:15,13.04.2025 14:34:54,13.04.2025 14:42:18,2025-04-13 10:57:58_usbtc08_log.csv,"45,0","40,08",2025-04-13 14:32:21_power_log.csv,"1,8","6,0","9,0","0,0","336,0","1,03","1,0","0,0",
2187,W2R17,"224,00","448,00",/media/bellevtx01/tb2025d/desy-tb-2025/tuning/W2R17_DCC/W2R17_DCC_40C_THR55/20250411_235354_threshold_scan_interpreted.h5,DCC,"1.156,00","2,0",60.0,64.0,5.0,100.0,250.0,80.0,88.0,50.0,143.0,93.0,205.0,255.0,"85,6",,"80,38","80,38",,"2,19","5,88","40,19","40,62","0,99",300,54584,"1,60E-03",20251008_100917,TRUE,2025-04-13,15:25:23,13.04.2025 15:26:10,13.04.2025 15:33:58,2025-04-13 10:57:58_usbtc08_log.csv,"52,99","46,16",2025-04-13 15:23:17_power_log.csv,"1,8","6,0","9,0","0,0","338,94","1,69","1,45","0,0",